"120163","《一年级》刘嘉文手撕于济玮！原因居然是和闺蜜开房？","0","开房 一年级 手撕 闺蜜 前男友","闺蜜 一年级 微博 姚笛 爆料"
"120078","蔡依林本尊翻牌表情包！原来明星们都爱用自己的表情？！","0","明星 蔡依林 微博 韩红 王源","蔡依林 明星 本尊 周冬雨 微博"
"193416","女星疑婚变竟获网友赞？炫富炫到没眼看的只有她","0","大s 女星 婚变 嫁入豪门 李念","康熙来了 微博 娱乐 女明星 梵克雅宝"
"193417","蜗居李念发文：请骗我一辈子，疑似和富豪老公婚变","0","李念 婚变 《蜗居》 微博 蜗居","蜗居 微博 李静 海清 婚姻"
"193418","潘玮柏因《中国有嘻哈》再次大火，发行新专辑后竟被指抄袭！","0","专辑 嘻哈 韩国 《失眠》 潘玮柏","潘玮柏 中国有嘻哈 韩国 朋友 音乐"
"193420","姐弟恋曝光！林更新疑恋上王丽坤相约看别墅","0","姐弟恋 王丽坤 林更新 看房","王丽坤 林更新 红领 上海 女友"
"193572","今日热点：潘玮柏回应新歌涉抄袭：会尽快了解查证","0","潘玮柏 新歌 豆得儿 王鸥 李彦宏","潘玮柏 王鸥 李彦宏 林更新 王丽坤"
"193594","熊黛林穿紧身衣尽显火辣身材，翘臀长腿吸睛","0","蜜桃 长腿 穿紧身衣 熊黛林 打底裤","熊黛林 娱乐 前凸后翘 宝宝 蝴蝶"
"193596","这个明星借100万整牙，跨界拍电影欠债几百万，最后老婆抛弃他","0","明星 阿牛 拍电影 梁静茹 歌手","梁静茹 陈庆祥 明星 红豆冰 任贤齐"
"193597","张国荣曾说和王家卫八字不和，每一次合作都差点要老命","0","王家卫 张国荣 梁朝伟 《春光乍泄》 梁家辉","王家卫 梁朝伟 张国荣 春光乍泄 梁家辉"
"193598","盘点十大泡面头男星，第一名最帅毋庸置疑，小李飞刀焦恩俊最适合","0","蔡少芬 盘点 小李飞刀 焦恩俊 男星","焦恩俊 小李飞刀 卓一航 任天野 顾惜朝"
"193599","刀马旦出身，她老公虽丑却捧红张嘉译，儿子帅到离谱","0","女演员 张嘉译 陈小艺 刀马旦 川剧","川剧 孙红雷 电视剧 倪大红 苦菜花"
"193600","蔡依林向歌词被批低俗发起挑战：姐压轴献唱我呸！","0","唇色 蔡依林 歌词 《play我呸》 恨天高","蔡依林 粉丝煲 唇色 妹妹 深圳"
"193601","乔欣上个综艺黑到停不下来 靠杨紫走后门被吐槽太有心机","0","综艺 杨紫 华晨宇 李治廷 《欢乐颂》","杨紫 关关 华晨宇 李治廷 鹿晗"
"193617","黄晓明被张亮碾压，他才是赵薇心中的“团宠”！","0","张亮 黄晓明 赵薇 厨艺 综艺节目","张亮 黄晓明 赵薇 娱乐 周冬雨"
"193618","姚晨孙红雷《极限挑战》上演老友记 现场读家书落泪","0","《极限挑战》 姚晨 老友记 潜伏 孙红雷","姚晨 孙红雷 老友记 潜伏 极限挑战"
"193619","《极限挑战3》姚晨王珞丹动情念家书 张艺兴激动落泪","0","姚晨 《极限挑战3》 张歆艺 罗志祥 江一燕","姚晨 孙红雷 黄渤 王迅 张歆艺"
"193620","蔡依林《play》因歌词低俗被禁演，网友们却这样说","0","歌词 蔡依林 歌曲 演唱会 流行音乐","蔡依林 罗志祥 娱乐 流行音乐 极限挑战"
"193621","《极限挑战3》全员玩户外“狼人杀” 张艺兴荒岛“求生”","0","狼人杀 《极限挑战3》 张艺兴 江一燕 林志玲","张艺兴 黄渤 狼人杀 男人帮 黄磊"
"193622","《极限挑战》孙红雷原是真暖男 与姚晨配合默契大玩“潜伏”","0","潜伏 《极限挑战》 孙红雷 姚晨 狮子座","孙红雷 姚晨 暖男 极限挑战 潜伏"
"193658","身体状况亮红灯？张一山自爆不再参加真人秀的原因","0","张一山 真人秀 演员 《余罪》 少年","张一山 真人秀 余罪 林心如 高能少年团"
"193156","丑到没朋友！ 盘点娱乐圈“最丑”女星","0","女星 朋友 蔡卓妍 盘点 娱乐圈","莫文蔚 林嘉欣 电影 情癫大圣 张柏芝"
"193169","郑欣宜胖到两百斤？赵本山潘长江女儿变脸认不出！","0","赵本山 变脸 潘长江 郑欣宜 潘阳","潘长江 赵本山 郑少秋 娱乐 基因突变"
"193170","明星撞脸大盘点(图)","0","撞脸 明星 盘点 刘亦菲 李钟硕","刘亦菲 李钟硕 刘诗诗 李宇春 董璇"
"193189","她五年剖四胎， 拿生命换半亿身家","0","蒋丽莎 陈浩民 徐子淇 李兆基 女超人","女超人 保姆 游艇 香港 爆料"
"193191","她为张艺谋三次流泪，如今依旧单身","0","巩俐 张艺谋 奈何情深 戛纳电影节 第一次","巩俐 张艺谋 单身 戛纳电影节 长城"
"193214","黎明演出遭拖欠百万制作费，暖心为粉丝“义唱”","0","粉丝 黎明 演出 演唱会 四大天王","黎明 演唱会 娱乐 广州 小鲜肉"
"193280","佟丽娅秀厨艺色香味俱全，网友：太贤惠！","0","贤妻 厨艺 佟丽娅 做菜 陈思诚","佟丽娅 娱乐 微博 女人 虾仁"
"193281","成龙钦点吴京赵文卓为接班人！甄子丹因打压后辈被排除？","0","成龙 甄子丹 吴京 赵文卓 《杀破狼》","甄子丹 吴京 成龙 杀破狼 娱乐"
"193282","大鹏惨遭集体怒怼 8岁曲隽希认定导演“大闲人”","0","大鹏 缝纫机 乐队 乔杉 电影","缝纫机乐队 电影 娜扎 岳云鹏 煎饼侠"
"193356","林更新为什么会被越来越多的导演启用？","0","科班 林更新 唐人 中演 《同桌的你》","林更新 小鲜肉 狄仁杰之神都龙王 西游伏妖篇 智取威虎山"
"193367","吴京转发冯小刚微博支持张歆艺新电影，袁弘的回复却成“亮点”！","0","张歆艺 吴京 袁弘 微博 电影","张歆艺 袁弘 吴京 微博 冯小刚"
"193369","女儿被诅咒，伊能静开撕网友：一定会追究到底绝不软弱！","0","伊能静 粉丝 袁姗姗 人物 再婚","伊能静 袁姗姗 微博 赵丽颖 杨幂"
"193387","明星老婆接拍吻戏怎么办？刘恺威说除了这个人谁可以亲杨幂？","0","刘恺威 明星 杨幂 亲吻 拍床戏","杨幂 刘恺威 明星 赵又廷 余文乐"
"193388","范冰冰浓妆配军装被网友骂惨！未播口碑先扑街？她这样霸气回应","0","扑街 未播 范冰冰 口碑 浓妆","范冰冰 李晨 电影 明星 空天猎"
"193389","极限挑战孙红雷变暖心大哥！安慰张艺兴还给张歆艺擦眼泪","0","大哥 张歆艺 孙红雷 张艺兴 极限挑战","孙红雷 张歆艺 张艺兴 姚晨 极限挑战"
"193391","周迅批年轻演员没人教不懂规矩！抠图尬戏，敬业精神哪去了？","0","助听器 替身 周迅 演员 李雪健","周迅 助听器 梁朝伟 张国荣 红楼梦"
"193413","极挑终于步入正轨，小猪智商开挂，孙红雷被欺负了？","0","三傻 孙红雷 罗志祥 综艺秀 游戏","孙红雷 罗志祥 男人帮 狼人杀 姚晨"
"193414","张歆艺哭了，张艺兴也哭了，极挑家书抵“万斤”获好评","0","张艺兴 游戏 孙红雷 狐狸 张歆艺","张歆艺 张艺兴 男人帮 王迅 孙红雷"
"193415","杨幂至今都不肯原谅的女明星，今瘦得连胸都没了！","0","颖儿 明星 杨幂 刘恺威 女星","杨幂 颖儿 刘恺威 女明星 老干妈"
"193136","宋祖德辱骂薛之谦滚出歌坛，杨幂、迪丽热巴、李宇春、刘亦菲、范冰冰等60余位明星都曾遭他毒嘴","0","迪丽热巴 范冰冰 杨幂 明星 宋祖德","薛之谦 迪丽热巴 李宇春 刘亦菲 郭德纲"
"193137","周杰伦为昆凌甜蜜庆生 夫妻戴情侣手环显恩爱","0","爱妻 蛋糕 周杰伦 昆凌 周董","昆凌 周杰伦 爱妻 情侣 巧克力"
"193138","诺一林子濠表现大方得体 盘底明星父母教育方式","0","诺一 林子濠 甜馨 明星 教育","甜馨 张亮 刘烨 黄磊 教育"
"193139","甜馨章子怡 有一种风景叫做“女神和萌娃”(图)","0","甜馨 女神 章子怡 范范 诺一","甜馨 章子怡 舒淇 微博 女神"
"193140","欧豪被批女里女气，马思纯出面力挺！网友：马思纯是我看过最霸气的女朋友","0","马思纯 欧豪 朋友 《建军大业》 演员","马思纯 欧豪 建军大业 女朋友 叶大鹰"
"193141","姚笛和富二代男友同游日本 长发披肩身型消瘦","0","日本 男友 长发 姚笛 东京","姚笛 富二代 日本 东京 幸福"
"193142","黄晓明聊儿子像姑娘 6个月小海绵已有撩妹技能","0","男宝 黄晓明 baby angelababy 杨颖","黄晓明 Angelababy 赵薇 中餐厅 宝宝"
"193143","一代嘻哈天王，现在副业一年挣1亿，开的豪车全球限量版","0","潘玮柏 嘻哈 雷德 兰博基尼 林俊杰","潘玮柏 雷德 兰博基尼 林俊杰 周杰伦"
"193144","陈冠希高调替秦舒培庆生 疑似亲手为其做提拉米苏","0","秦舒培 提拉米苏 蛋糕 谢霆锋 陈冠希","陈冠希 秦舒培 幸福 谢霆锋 秀恩爱"
"193145","明日即将入伍！池昌旭剃发变板寸头","0","板寸 池昌旭 欧巴","池昌旭 陆军"
"193146","蔡依林热门单曲《Play我呸》被禁止在上海商演","0","mama 商演 蔡依林 《play我呸》 广播","蔡依林 上海 音乐 影视 欧洲"
"193147","俞灏明机场近照，比起无人接机的心酸，看他直起来的背忍不住大赞","0","俞灏明 快乐男声 《我和春天有个约会》 任家萱 天娱传媒","俞灏明 心酸 快乐男声 广州 湖南卫视"
"193148","陈德容张柏芝徐若瑄 谁才是娱圈第一玉女？(图)","0","陈德容 徐若瑄 林青霞 玉女 张柏芝","陈德容 张柏芝 林青霞 王祖贤 山口百惠"
"193149","刘德华想出演《战狼3》，却被吴京直接拒绝，原因并非片酬太高","0","战狼 片酬 吴京 电影 刘德华","吴京 刘德华 战狼 电影 战狼2"
"193150","艾薇儿与丈夫离婚 盘点娱圈闪婚闪离明星","0","离婚 盘点 明星 结婚 艾薇儿","王全安 艾薇儿 张雨绮 离婚 闪婚"
"193151","李晨首次执导电影，张艺谋：如今什么人都能拍电影了？","0","电影 王学圻 李晨 张艺谋 拍电影","李晨 张艺谋 电影 空天猎 战狼2"
"193152","林更新微博喊话：谁敢跟我抢赵丽颖，我空手接白刃跟你拼了！","0","赵丽颖 微博 林更新 楚乔传 游戏","林更新 楚乔传 微博 赵丽颖 暖男"
"193153","潘长江张艺谋 20大明星的女儿最具星相","0","大明星 濮存昕 潘长江 张艺谋 吴宗宪","吴宗宪 胡瓜 濮存昕 张艺谋 潘长江"
"193154","盘点央视主播离职现状(图)","0","柴静 东方卫视 主持人 赵子琪 主持","柴静 文清 何炅 东方卫视 中央电视台"
"193155","22岁出道，她嫁给张卫健两次流产，破产时仍然对他不离不弃","0","张卫健 出道 张茜 婚礼 旧情复燃","张卫健 妈妈 结婚 婚礼 女人"
"192883","《我的前半生2》开拍，女主既不是马伊琍也不是刘涛，居然是她？","0","孙俪 人物性格 刘涛 女主 马伊琍","刘涛 我的前半生 马伊琍 孙俪 电视剧"
"192890","跑男结束后鹿迪将首次同台，见面方式也不同于两年前，你期待吗？","0","鹿晗 奔跑吧 芭莎慈善 跑男 热巴","鹿晗 热巴 慈善 我是证人 王祖蓝"
"192891","邓超为了鹿晗女朋友操碎了心，这次神助攻，可惜鹿晗没接茬！","0","鹿晗 邓超 朋友 热巴 跑男","邓超 鹿晗 热巴 女朋友 陈意涵"
"192892","​柯震东李毓芬秀恩爱 柯爸柯妈坐前排似全家福","0","秀恩爱 柯震东 艺人 李毓芬 全家福","柯震东 全家福 秀恩爱 台湾 女友"
"192893","张若昀公开来节目秀恩爱“撒狗粮”！李小璐嫌弃贾乃亮这才是真爱","0","李小璐 撒狗粮 贾乃亮 张若昀 真爱","贾乃亮 张若昀 李小璐 撒狗粮 唐艺昕"
"192894","加入外国国籍的明星那么多，改回中国国籍的明星却只有这两个！","0","明星 房祖名 甄子丹 美国 李连杰","明星 中国 甄子丹 李连杰 美国"
"192895","郑爽更爱胡彦斌还是张翰？《郑爽的书》告诉你答案！","0","私房照 小爽 郑爽 张翰 胡彦斌","郑爽 张翰 谢楠 俞灏明 陈意涵"
"192901","苏丹选手夺冠“汉语桥” 汪涵杨乐乐搭档默契惊人","0","杨乐乐 汪涵 搭档 汉语桥 苏丹","汉语桥 汪涵 苏丹 韩磊 尚雯婕"
"192902","蒋欣王鸥助力韩红爱心 百人援宁正式启程","0","蒋欣 韩红 慈善基金会 李霄云 王鸥","韩红 王鸥 蒋欣 捐赠 宁夏"
"192903","谢贤上节目盛赞张柏芝？忙澄清:我也喜欢王菲","0","谢霆锋 离婚 张柏芝 王菲 谢贤","张柏芝 王菲 谢霆锋 孙子 离婚"
"192904","娱乐圈这些超低调的明星情侣，原来他们早在一起而你却不知","0","张含韵 彭冠英 公布恋情 娱乐圈 明星","张含韵 微博 阚清子 毛晓彤 张一山"
"192905","柯震东李毓芬秀恩爱 柯爸柯妈坐前排似全家福","0","李毓芬 全家福 柯震东 秀恩爱 微微","柯震东 全家福 秀恩爱 台湾 女友"
"192906","张一山直言娱乐圈水太深 不再参加真人秀","0","真人秀 综艺节目 余罪 张一山 娱乐圈","张一山 真人秀 家有儿女 余罪 高能少年团"
"192907","同样是剃了鬓角的发型，李易峰依然帅气，而他却显得更娘气！","0","李易峰 出道 鹿晗 《加油好男儿》 国民男神","李易峰 发型 鹿晗 男神 造型"
"192908","谢贤回应讨厌王菲是误传 但王菲想要入谢家还有三大难题","0","谢霆锋 李亚鹏 谢贤 王菲 张柏芝","王菲 谢霆锋 张柏芝 李亚鹏 结婚"
"192909","陈羽凡代言遭吐槽：说好无限期退出娱乐圈呢","0","白百何 羽泉 胡海泉 陈羽凡 娱乐圈","陈羽凡 白百何 羽泉 音乐 投资"
"192910","为什么天王都喜欢网红？她们现在还好吗？","0","王思聪 林更新 绯闻女友 郭富城 方媛","郭富城 林更新 女友 雪梨 王思聪"
"192912","张檬取出假体，颜值重回巅峰！整容前后对比真是尴尬","0","金晨 郑爽 张檬 整容前 卫子夫","卫子夫 金晨 美人心计 郑爽 电视剧"
"193092","蒋欣：本想捡回些偶像包袱，没想到越撕越碎","0","女神 包袱 蒋欣 偶像 关之琳","蒋欣 女神 甄嬛传 真人秀 张学友"
"193134","林志颖杨钰莹何炅 这些明星越活越年轻","0","杨钰莹 明星 林志颖 李楠 何炅","何炅 林志颖 林志玲 明星 女神"
"192522","张馨予法国求学另有隐情？微博暗示自己被某人打压失去工作机会！","0","张馨予 法国 微博 《思美人》 娱乐圈","张馨予 微博 思美人 法国 小号"
"192548","陈妍希放飞自我，自拍金发炸毛变路人！","0","搞怪 呆萌 陈妍希 魔女 时尚","陈妍希 娱乐 双马尾 万万没想到 时尚"
"192634","为什么演话剧的都看不起演电影的？为只以话剧演员为傲","0","电影 话剧 演员 舞台剧 观众","电影 何冰 姜文 徐峥 小鲜肉"
"192704","现在是昆凌周杰伦秀恩爱时间，深呼吸，所有的被虐准备都已就绪","0","泰国 昆凌 周杰伦 秀恩爱 周董","昆凌 周杰伦 秀恩爱 爱妻 幸福"
"192705","喜欢张柏芝不谈王菲？谢贤辟谣：完全断章取义，我当然钟意王菲！","0","王菲 张柏芝 谢霆锋 谢贤 辟谣","王菲 张柏芝 孙子 谢霆锋 窦靖童"
"192706","郭富城女儿诞生倒数，8.7万顶级产房预定迎接小公主！","0","小公主 方媛 郭富城 结婚 四大天王","郭富城 结婚 香港 黎明 妈妈"
"192707","那些沦为铲屎官和狗奴的明星们, 陈赫当公主养, 李溪芮天天背着","0","狗奴 陈赫 李溪芮 明星 高圆圆","陈赫 高圆圆 陈乔恩 孙俪 明星"
"192748","周冬雨晒俩小辫九宫格表情包 自黑的路上停不下来","0","周冬雨 九宫格 跨年 眼神","周冬雨"
"192749","姚笛同富二代男友游日本，走出阴影，找到自己的幸福","0","日本 姚笛 男友 幸福 小三","姚笛 富二代 幸福 马伊琍 明星"
"192750","《王者荣耀》女玩家过亿，其中就有baby和杨幂！","0","最强王者 王者荣耀 《王者荣耀》 杨幂 baby","杨幂 王者荣耀 黄子韬 郭敬明 萌妹子"
"192751","张天爱绿头发助理夺人眼球, 赵丽颖助理是个胖美人","0","赵丽颖 花栗鼠 iu 张天爱 美人","张天爱 花栗鼠 赵丽颖 IU 上海机场"
"192752","没长残，完美长大的11大童星，关晓彤水灵，易烊千玺最霸气","0","易烊千玺 关晓彤 水灵 长大 完美","关晓彤 易烊千玺 张雪迎 杨紫 李小璐"
"192753","《我们相爱吧》潘玮柏遗忘重要时刻 吴昕面临真心话拷问","0","明道 王鸥 《我们相爱吧》 吴昕 潘玮柏","潘玮柏 吴昕 王鸥 郑恺 程晓玥"
"192754","人父黄晓明谈儿子小海绵：越长越可爱，跟个小姑娘似的害羞笑！","0","合伙人 张亮 黄晓明 中餐 《嘉人》","黄晓明 中餐厅 张亮 青春 周冬雨"
"192755","男神和屌丝只差一步，没想到吴亦凡，林更新还有这一面！","0","吴亦凡 林更新 明星 偶像 毛孩","林更新 吴亦凡 男神 明星 黄子韬"
"192780","有种友谊叫做：你嫁不出去，我就娶你 最后一对最为可惜","0","梅艳芳 赵薇 林心如 任泉 何炅","梅艳芳 林心如 赵薇 何炅 杨丞琳"
"192840","张翰再度大火，娜扎为何不发声？","0","张翰 娜扎 男友 藕断丝连 男星","张翰 娜扎 战狼2 前任 朋友"
"192842","3岁出演《甄嬛传》温宜公主，母亲全职当经纪人，如今可爱依旧","0","纪姿含 母亲 温宜公主 《甄嬛传》 经纪人","甄嬛传 罗茜 虎妈猫爸 电影 擒爱记"
"192843","39岁的高圆圆美如18岁，做投资年赚1亿，真是漂亮又有头脑！","0","街拍 周芷若 画手 投资 高圆圆","高圆圆 投资 女神 街拍 私服"
"192844","张梓琳女儿照镜子亲自己一口，网友：颜值太美，连自己都忍不住","0","张梓琳 跨栏 中国姑娘 杨澜 田径","张梓琳 跨栏 微博 超模 辣妈"
"192319","周迅&quot;见字如面&quot;泪洒当场 趴在桌子上使节目一度中断","0","明道 见字如面 周迅 杨立新 太平轮","周迅 见字如面 太平轮 幸存者 林觉民"
"192321","林更新与网红王柳雯疑复合？女方回应不想成为他的负担，被骂戏精","0","复合 王柳雯 cp 网红排行榜 林更新","林更新 赵丽颖 陈赫 王思聪 楚乔传"
"192336","薛佳凝39岁生日，闺蜜王冠晒嘴对嘴亲密照","0","王冠 对嘴 薛佳凝 闺蜜 亲密","胡歌 闺蜜 微博 生日快乐 仙剑奇侠传"
"192337","娱乐圈不老男神终结单身，女儿即将出生！网友：这么快？恭喜恭喜","0","方媛 郭富城 黎明 恭喜恭喜 娱乐圈","郭富城 男神 女友 单身 香港"
"192436","马伊琍拿塑料管当耳环，和女儿都喜欢色彩搭配！","0","马伊琍 素颜照 耳垂 红色 艾玛","马伊琍 色彩搭配 娱乐 黄色 私服"
"192445","20年前章子怡差点嫁给他，章母却棒打鸳鸯，如今...","0","小苹果 汪峰 章子怡 鸳鸯 高枫","章子怡 汪峰 幸福 小苹果 张信哲"
"192446","陈学冬豪华鞋柜排整楼，网友却被这张图给笑哭","0","陈学冬 郭敬明 高冷男神 微博 郑爽","陈学冬 郭敬明 微博 电影 郑爽"
"192478","黄国伦即将在鸟巢开演唱会，网友：张学友才值这个票价","0","张学友 黄国伦 演唱会 鸟巢 歌手","张学友 演唱会 鸟巢 金曲捞 王力宏"
"192479","台媒又选出了新“四大黄金剩女”，漂亮又多金为什么不嫁？","0","王心凌 姚元浩 蔡依林 蔡健雅 陈乔恩","王心凌 姚元浩 蔡依林 陈乔恩 霍建华"
"192480","少女时代自曝“不和”事件惊呆众人 泰妍被讨厌竟是因为…","0","泰妍 少女时代 徐贤 忙内 女团","少女时代 允儿 金希澈 名不虚传 秀恩爱"
"192481","48岁许晴美艳绝伦却无人敢娶，网友：看了照片我也不敢娶！","0","胡歌 许晴 吴亦凡 张翰 杨洋","许晴 张翰 吴亦凡 胡歌 杨洋"
"192486","对外表示是初婚，其实早已有过“婚史”的6位明星","0","明星 莫小棋 英达 汪涵 李厚霖","汪涵 王烁 婚姻 黄海波 马伊琍"
"192487","俞灏明与前女友曾名气相当，烧伤后惨遭抛弃，如今两人地位悬殊","0","前女友 杨幂 微博 流星雨 俞灏明","俞灏明 杨幂 微博 爱情 伪装者"
"192488","张杰微博暴露邹市明老婆未PS照片，网友：这身材招架不住！","0","拳击 张杰 邹市明老婆 微博 邹市明","张杰 拳击 微博 中国 姚明"
"192489","世界公认最美的8大女神，中国仅一人上榜，不是范冰冰！","0","女神 美的 这个杀手不太冷 伊丽莎白·泰勒 范冰冰","范冰冰 张梓琳 杰西卡·阿尔芭 这个杀手不太冷 斯嘉丽·约翰逊"
"192490","被富豪占尽“便宜”之后，才发觉自己上当受骗的5大女星","0","刘涛 孟广美 陈法蓉 女星 李若彤","李若彤 刘涛 许晴 秀恩爱 婚姻"
"192491","5大被芒果台封禁的明星，有人被骂活该，这个让人惋惜","0","《我是歌手》 朱丹 邓紫棋 明星 芒果台","芒果 朱丹 邓紫棋 我是歌手 韩庚"
"192508","周杰伦为爱人甜蜜庆生，满满的都是小公主的心思","0","周董 小公主 周杰伦 昆凌 蛋糕","昆凌 周杰伦 爱妻 造型 娱乐"
"192509","她称得上柳岩的鼻祖，得周星驰赏识，消失23年今何在？","0","周星驰 叶子楣 柳岩 巨蟹座 今何在","叶子楣 周星驰 柳岩 巨蟹座 电影"
"175266","王心凌被曝携航运小开回香闺？经纪人驳斥传闻","0","经纪人 回香 许玮伦 姚元浩 王心凌","王心凌 姚元浩 朋友 佛学 红酒"
"175267","王心凌友人怒批姚元浩：狗跟照片都保管不好！","0","王心凌 小三 小巨蛋 法律 姚元浩","姚元浩 王心凌 法律 愚人节 2012"
"175268","贾斯汀比伯抑郁病发取消巡演 被曝已不是第一次","0","第一次 贾斯汀比伯 抑郁症 贾斯汀·比伯 演唱会","贾斯汀·比伯 抑郁 抑郁症 演唱会 加拿大"
"175269","黄磊被传脑部长瘤入院治疗 经纪人:是在陪老婆","0","黄磊 《深夜食堂》 孙莉 台湾 经纪人","黄磊 深夜食堂 台湾 治疗 电影"
"175270","王心凌再被渣前男友曝光私密照","0","王心凌 前男友 姚元浩 隋棠 范植伟","王心凌 姚元浩 隋棠 第三者 渣男"
"175271","郑州相亲角现奇葩条件：女方体重必须是111斤","0","花坛 小李 家长 相亲 奇葩","相亲 郑州 结婚 离婚率 金婚"
"175284","同样的服饰相仿的妆容，霸气娘娘蒋欣和偶像女王陈乔恩谁更胜一筹","0","蒋欣 陈乔恩 服饰 妆容 娘娘","陈乔恩 蒋欣 服饰 长裙 华妃"
"175285","小周周会站了！手撑沙发紧靠干爹站起 模样超萌","0","周杰伦 粉丝 小周周 hathaway 刘畊宏","周杰伦 昆凌 微博 做法"
"175286","她与赵薇是同学，26岁拿下影帝，二婚嫁给靳东被宠成公主！","0","靳东 二婚 赵薇 李佳 影帝","靳东 赵薇 幸福 爱情 电视剧"
"175288","曹格老婆自曝特殊避孕方式 向老公表明不再生下一胎","0","拌面 曹格 一胎 吴速玲 结扎","干拌面 面食 冲绳 幸福 投资"
"175289","《极限挑战3》孙红雷被张艺兴折磨乐3个小时 最后连床都塌了 竟然被剪辑师剪了","0","孙红雷 《极限挑战3》 张艺兴","孙红雷 张艺兴 极限挑战 搞笑视频"
"175290","《极限挑战3》玩直播 黄渤套路吸粉林更新落寞","0","罗志祥 《极限挑战3》 黄渤 林更新 王迅","林更新 黄渤 极限挑战 王迅 男人帮"
"175291","刘亦菲放飞自我 微博晒披头散发满街疯跑照片","0","刘亦菲 微博 美少年 天仙","刘亦菲 微博 牛仔裤"
"175292","王祖贤自曝没男友感情空白 一心学佛无意复出","0","男友 加拿大 父亲 王祖贤","王祖贤 加拿大 戒指 台湾 妹妹"
"175293","刘恺威“剧本门”后首现身 脸色憔悴精神差","0","王鸥 刘恺威 剧本 杨幂 婚变","刘恺威 王鸥 杨幂 眼镜店 真正男子汉"
"175294","要爱情不要工作?郑爽被曝消极怠工一个多月","0","郑爽 张翰 新剧 胡彦斌 马天宇","郑爽 爱情 张翰 陈学冬 马天宇"
"175295","无惧仰角才叫真美人 长得美怎么拍都行","0","美人 高以翔 杨洋 五官 柏原崇","杨洋 巩俐 陈坤 小鲜肉 魅力"
"175296","王菲卖包做慈善 窦靖童和李嫣西藏当义工","0","王菲 窦靖童 李嫣 慈善 三妹","窦靖童 王菲 西藏 唇腭裂 慈善"
"175297","赵薇小S 女星产后复出身价暴涨","0","小s 女星 产后 赵薇 张柏芝","小S 张柏芝 赵薇 胡静 王艳"
"175329","杨幂被断章取义，要求自己读黑粉网评，网友集体抨击支持杨幂","0","杨幂 绣春刀 娱乐圈 三生三世 演技","杨幂 绣春刀 三生三世 新浪 微博"
"175330","《还珠格格》回忆杀，久别的人再难重逢，44岁的他称还不考虑结婚！","0","结婚 《还珠格格》 苏有朋 林心如 amy","苏有朋 还珠格格 结婚 林心如 周杰"
"175332","赵丽颖陈伟霆恋情曝光，两人互相探班，公布指日可待！","0","赵丽颖陈伟霆 赵丽颖 陈伟霆 《女儿国》 《快乐大本营》","陈伟霆 赵丽颖 明星 爆料 电视剧"
"175333","王大陆被挖新恋情？自爆喜欢“姐姐“ 女友是张天爱还是金晨？","0","王大陆 金晨 张天爱 姐姐 女友","王大陆 金晨 张天爱 女友 朋友"
"175334","李小璐36岁还一身全粉色像是少女 以后和甜馨更像姐妹？","0","甜馨 李小璐 甜心 汤圆","李小璐 甜馨 少女 辣妈 明星"
"175335","叶挺孙子怒批《建军大业》：用欧豪演叶挺在羞辱谁？","0","演员 马天宇 硬汉 欧豪 《建军大业》","欧豪 建军大业 叶大鹰 孙子 小鲜肉"
"175339","张睿与外卖小哥吵架并非属实 其实是在劝架","0","张睿 外卖 客户投诉 车检 交规","朋友 争执 微博"
"175340","小妞形象是恰如其分 周冬雨演技屡获肯定","0","灵气 安生 演技 周冬雨 春风十里","周冬雨 春风十里不如你 青春 张一山 北京"
"175341","蔡依林现身机场，穿着性感暴露大秀事业线，网友：一般人不敢穿！","0","女人味 大秀 蔡依林 事业线 舞娘","蔡依林 杨幂 造型 保养"
"175342","傲娇新!林更新与自己工作室微博“互怼”太搞笑","0","工作室 林更新 微博","林更新 微博 楚乔传 搞笑"
"175343","男星水中耍宝秀“翘臀”，刘诗诗羞到没眼看！","0","男星 刘诗诗 陈伟霆 搞怪 花絮","陈伟霆 刘诗诗 娱乐 醉玲珑 现代"
"175365","被薛甄珠圈粉！马丽追剧向“子君妈妈”求教演技","0","马丽 演技 妈妈 演员 观众","马丽 妈妈 许娣 我的前半生 电视剧"
"175366","崔永元辞去非转基因商城职务 称曾遭报复","0","崔永元 转基因 微博 纪录片 养鸡","崔永元 转基因 微博 纪录片 朋友"
"175367","王心凌私照外流 闺蜜怒轰姚元浩 前任称要一起面对","0","王心凌 闺蜜 经纪公司 经纪人 姚元浩","王心凌 姚元浩 闺蜜 律师 法律"
"175368","43岁周迅美貌和灵性不再？你还认得出吗？粉丝：就这样自然老去","0","周迅 粉丝 灵气 周公子 岁月无情","周迅 周公子 金鸡奖 如懿传 金马奖"
"175369","极限挑战罗志祥爆笑体验VR，直呼自己怎么那么傻！","0","爆笑 极限挑战 罗志祥 观众 搞笑","罗志祥 VR 极限挑战 爆笑 娱乐"
"175370","王菲的前夫李亚鹏，变回帅哥？网友：不输谢霆锋","0","李亚鹏 谢霆锋 张柏芝 王菲 前夫","李亚鹏 谢霆锋 王菲 张柏芝 离婚"
"175371","《谁是你的菜》李静直言恨杨澜和倪萍！原因和春晚有关","0","李静 倪萍 春晚 《谁是你的菜》 杨澜","李静 春晚 倪萍 戴军 娱乐"
"175372","曾是当红主持人，朱丹为爱放弃一姐位置，现怀孕后发胖认不出！","0","艺人 主持人 怀孕 朱丹 浙江卫视","朱丹 怀孕 浙江卫视 华少 微博"
"175373","汤唯成名前竟与他有亲密戏！网友：刷新三观","0","亲密 贾乃亮 尺度 神剧 汤唯","贾乃亮 梁朝伟 娱乐 色戒 甜馨"
"175374","谢霆锋高圆圆半裸热吻，香肩配腹肌超养眼！","0","高圆圆 谢霆锋 热吻 尺度 腹肌","高圆圆 谢霆锋 娱乐 女神 一生一世"
"175375","娱乐圈靠一部作品演一个角色，火到现在的7位明星","0","娱乐圈 角色 孙悟空 主演 明星","朱茵 孙悟空 容嬷嬷 林青霞 明星"
"175376","张碧晨原来是一个话痨","0","张碧晨 周笔畅 演唱会 偶像 《中国好声音》","张碧晨 周笔畅 演唱会 花千骨 中国好声音"
"175378","曾志伟：大哥到了吗？成龙大哥到了！我说的是洪大哥！","0","曾志伟 成龙 大哥 洪金宝 武术","曾志伟 洪金宝 成龙 武术 沙家浜"
"175379","易烊千玺四度落泪飚演技！尹柯哭戏让人心疼","0","易烊千玺 演技 棒球 母亲 眼神","易烊千玺 棒球 张弛 我们的少年时代 青春"
"175380","谢霆锋给粉丝布置作业，还炫刀工切菜不看手！","0","微博 谢霆锋 粉丝 做菜 厨艺","谢霆锋 微博 大厨 娱乐 父亲节"
"175381","盘点娱乐圈拥有真正实力的明星老师","0","娱乐圈 徐静蕾 明星 盘点 何炅","徐静蕾 何炅 黄磊 北京电影学院 李安"
"175382","MC天佑宣布退出赵本山新电影，关于球球他竟这样说！","0","mc天佑 电影 赵本山 娱乐圈 喊麦","赵本山 电影 娱乐 中国有嘻哈 吴亦凡"
"175383","何姿宣布正式告别跳水 承认怀孕喜讯！","0","里约奥运会 奋斗 何姿 跳水 怀孕","奋斗 奥运会 微博 宝宝 怀孕"
"175411","孙杨累瘫了！200米自逆转夺冠后趴泳池边喘粗气","0","关爱和 自由泳 孙杨 游泳 布达佩斯","孙杨 布达佩斯 中国 微博 治疗"
"175412","晒再多自拍秀再多身材都没用，徐冬冬和柳岩之间到底差在什么呢？","0","徐冬冬 柳岩","柳岩 徐冬冬 余罪"
"175413","江湖人称大嫂的徐冬冬微博再晒猛照；网友说看腻了，专心拍戏吧","0","江湖 徐冬冬 杨幂 解放军艺术学院 微博","徐冬冬 微博 杨幂 余罪 张一山"
"175414","小S称尽量不要跟男友拍亲密照，但她主持却这么开放？","0","男友 小s 主持 许雅钧 亲密","小S 娱乐 王心凌 吴奇隆 姐姐好饿"
"175415","王心凌私密照，疑似被前男友外泄，这已经是第二次了","0","王心凌 前男友 姚元浩 分手 甜心","王心凌 姚元浩"
"175416","男星锁骨比女星更销魂诱惑，杨洋鹿晗吴亦凡张艺兴谁最撩人？","0","张艺兴 锁骨 杨洋 男星 鹿晗","杨洋 张艺兴 吴亦凡 鹿晗 王源"
"175417","汤唯出席活动意外晕倒！这些明星也晕倒过，而她还走光","0","走光 汤唯 明星 意外 女星","明星 叶璇 大秧歌 娱乐 刘烨"
"175418","推鼻子捏脸颊，萧亚轩深夜含泪证明没整容！但说话尴尬","0","脸颊 萧亚轩 专辑 娱乐","萧亚轩 娱乐 烤肉 软件"
"175432","郑爽：对于人气很有自信 选男友颜值不重要","0","郑爽 《悟空传》 马尔代夫 《夏至未至》 男友","郑爽 悟空传 爱情观 电影 男朋友"
"175433","王大陆自爆新恋情？ 对象锁定张天爱金晨","0","张天爱 姐姐 小s 王大陆 金晨","王大陆 张天爱 金晨 朋友 小S"
"175434","黄磊被曝脑部长瘤入院治疗 经纪人：是在陪老婆","0","黄磊 经纪人 《深夜食堂》 孙莉 男主角","黄磊 深夜食堂 治疗 电影 麻烦家族"
"175435","昆凌给儿子换尿布 透露小周周有时会吃弟弟的醋","0","妈妈 昆凌 小周周 姐姐 吃醋","昆凌 妈妈 喂奶 微博"
"175437","鹿晗也能这么黑？建军大业演龙套被抹成黑碳，秒变硬汉","0","建军大业 龙套 卢德铭 硬汉 鹿晗","鹿晗 建军大业 娱乐 择天记 古力娜扎"
"175438","霍建华与多位空姐搭肩合影？打扮这么帅林心如知道吗","0","林心如 打扮 霍建华 吃醋 架子","霍建华 林心如 打扮 娱乐 奶粉"
"175439","张国立、王刚、张铁林再聚拍戏，纪晓岚依然最“惨”？","0","铁三角 中国合伙人 王刚 张铁林 张国立","张铁林 铁齿铜牙纪晓岚 娱乐 微博"
"175440","当红明星都往裤裆里藏过什么，薛之谦藏了只狗，画面太美浮想联翩","0","薛之谦 明星 姐姐","薛之谦 明星 柯基 安保"
"175441","盘点娱乐圈被爹妈坑惨了的大明星，竟然到了这种地步","0","大明星 父亲 容祖儿 盘点 娱乐圈","何炅 姚元浩 古天乐 桑兰 洪欣"
"175454","陈晓深夜遇狗仔狂飞奔 竟然是为了保护新造型","0","爱情电影 路飞 陈晓 造型 新剧","陈晓 造型 杜鹃 电影 爆料"
"175455","女神范！赵丽颖一袭露肩装现身机场，真的是美翻了！","0","赵丽颖 女神 蔡依林 邻家女孩 迪丽热巴","赵丽颖 蔡依林 娱乐 宝宝 迪丽热巴"
"175456","沈梦辰大方请虹桥一姐吃饭，却被路人无情拆穿真相","0","沈梦辰 袁成杰 明星 卖萌","沈梦辰 干锅 女明星 神话 明星"
"175457","甩锅胖子岳云鹏，心机吃货陈赫，都是潜力股？","0","减肥 岳云鹏 陈赫","岳云鹏 陈赫 吃货 减肥 妈妈"
"175458","娱乐圈花几亿水军都不喷的人，除了胡歌古天乐，还有谁？","0","明星 刘德华 胡歌 古天乐 娱乐圈","胡歌 古天乐 明星 黄渤 刘德华"
"175459","极限挑战石榴姐曾志伟都宠张艺兴，小绵羊人品爆棚！","0","曾志伟 张艺兴 小绵羊 极限挑战 薛之谦","张艺兴 曾志伟 极限挑战 薛之谦 娱乐"
"175460","剧版《不良人》襄阳拍摄 张皓然现场昏迷紧急送医","0","剧组 演员 张皓然 《不良人》 戏服","襄阳 俞灏明 低血糖 画江湖之不良人 摩羯座"
"175462","这六位女星都被老公宠爱，活得像个公主，有一位为她花了十亿聘礼","0","徐濠萦 女星 范范 应采儿 陈小春","陈小春 徐濠萦 陈建州 刘诗诗 吴奇隆"
"175482","专访柳善皓： 小鸡仔以食为天 对性感造型有执念","0","《produce101》 造型 巧克力 练习生 陆星材","巧克力 造型 萌图 朋友 管理"
"175733","博士网恋被骗钱，女方说自己车祸这套路太深......","0","被骗钱 网恋 李婷 骗子 骗局","网恋 西安 手机 朋友圈 北京"
"175783","陈冠希晒女儿脚丫 脚下竟然放满了钞票","0","陈冠希 脚丫 小脚 耐克 ins","陈冠希 秦舒培 爱妻 微博 爆料"
"175784","年收入过4亿，她却穿几十块钱的衣服上街，比郭晶晶还要节约！","0","郭晶晶 赵丽颖 娱乐圈 女星 王小利","赵丽颖 明星 富豪排行榜 厚底鞋 楚乔传"
"175797","刘诗诗穿浴袍躺床 这组写真也太过诱人！","0","浴袍 刘诗诗 化妆师 露胸 吴奇隆","刘诗诗 化妆师 醉玲珑 暴动 吴奇隆"
"175798","萧亚轩否认整容 酒醉后开直播验真假","0","萧亚轩 整形 instagram 专辑 东森新闻","萧亚轩 烤肉 长大 台湾"
"175799","小S阿雅逼问成功，王大陆新欢是圈内人！","0","王大陆 小s 阿雅 张天爱 耿直","王大陆 小S 张天爱 娱乐 成功"
"175814","朱丹怀孕后备受折磨 孕吐到就医输液","0","朱丹 怀孕 ella 高跟鞋","朱丹 妈妈 Ella 高跟鞋 胃酸"
"175815","王丽坤出道16年零绯闻, 很多富豪想娶她, 因痴情乔振宇35岁不结婚","0","王丽坤 出道 不结婚 乔振宇 科班","王丽坤 乔振宇 美人心计 结婚 北京舞蹈学院"
"175816","白百合与新男友&quot;亲密&quot;拥抱, 网友: 看来遇到真爱了","0","男友 亲密 白百何 白百合","白百何 白百合 明星 男朋友"
"175841","孙耀威陈美诗结婚，新娘钻饰4百多万！","0","陈美诗 结婚 孙耀威 婚礼 喜宴","结婚 婚礼 恋爱 娱乐 喜宴"
"175842","女星胖到120公斤，穿高跟鞋走路都困难！","0","天后 高跟鞋 女星 玛丽亚凯莉 舞者","玛丽亚 高跟鞋 娱乐 前凸后翘 拉斯维加斯"
"175843","15岁凭一戏爆红，入行25年却零绯闻，今被赞为娱乐圈最干净的女星","0","娱乐圈 女星 舒畅 尤小刚 董鄂妃","尤小刚 董鄂妃 孝庄秘史 张纪中 李卫当官"
"175864","只怪这部剧太火！《极限挑战》孙红雷偶遇“大爷粉”","0","孙红雷 《极限挑战》 黄磊 黄宗泽 男人帮","孙红雷 黄磊 黄宗泽 男人帮 极限挑战"
"175872","极限挑战罗志祥脑洞大开，开启生意技能却坑了黄磊","0","黄宗泽 罗志祥 极限挑战 黄磊 神算子","黄磊 黄宗泽 罗志祥 极限挑战 娱乐"
"175873","迪丽热巴玩下衣失踪秀美腿！可这上衣比杨幂沈梦辰都厚","0","杨幂 沈梦辰 迪丽热巴 卫衣 女星","沈梦辰 杨幂 迪丽热巴 卫衣 欧阳娜娜"
"175874","明星上厕所居然要“清场”! 不知状况的张一山直呼: 是不是来了大人物?","0","蔡依林 张一山 明星 人物 海参","张一山 保镖 明星 蔡依林 上海"
"175887","极挑黄宗泽蛇精病附体，还喜欢说东北大碴子味普通话？","0","黄宗泽 蛇精 东北话 孙红雷 贾乃亮","黄宗泽 孙红雷 极限挑战 贾乃亮 罗志祥"
"175929","林更新在极挑官微笑的开心，不知道节目完会是啥表情","0","赵丽颖 男人帮 孙红雷 林更新 极限挑战","林更新 极限挑战 男人帮 赵丽颖 孙红雷"
"175952","王俊凯入学北电须解约单飞？听听专业人士怎么说！","0","北京电影学院 王俊凯 郭子 粉丝 影视","王俊凯 娱乐 冯小刚 北京电影学院 小鲜肉"
"175975","阿娇新家内部曝光，收藏的墨镜比商场还多！","0","张智霖 墨镜 收藏 粉丝 twins","收藏 张智霖 微博 Twins 装修"
"175976","乌龙闯情关的刘病已婚礼在即，妻子500万钻饰吸睛","0","婚礼 孙耀威 郑家榆 乌龙闯情关 刘病已","渣男 娱乐 林志颖 婚礼 长跑"
"175979","《极限挑战》热播 孙红雷“打劫”黄宗泽","0","张艺兴 王迅 孙红雷 黄宗泽 《极限挑战》","孙红雷 黄宗泽 男人帮 极限挑战 张艺兴"
"175980","唐嫣罗晋突然宣布去美国！粉丝直呼舍不得，网友却纷纷表示祝福！","0","美国 唐嫣罗晋 祝福 粉丝 唐嫣","罗晋 唐嫣 美国 中国 美国留学"
"175981","杨洋确认回归《旋风少女3》？女主角一经确认却备受争议","0","百草 胡冰卿 安悦溪 旋风少女 杨洋","安悦溪 旋风少女 杨洋 若白 池昌旭"
"175982","《极限挑战》张艺兴难逃被耍命运，这生无可恋的小眼神","0","张艺兴 眼神 命运 《极限挑战》 王迅","香港 王迅 张艺兴 极限挑战 黄宗泽"
"176037","刘亦菲多次遭遇咸猪手 被导演非礼 被群演摸胸","0","群众演员 《神雕》 刘亦菲 摸胸 陈嘉上","刘亦菲 陈嘉上 小龙女 神雕侠侣 咖啡"
"176038","郑爽表示和杨洋接吻觉得恶心 反感观众给两人组CP","0","微微一笑很倾城 郑爽 cp 观众 杨洋","郑爽 杨洋 明星 电视剧 微微一笑很倾城"
"176046","他因演坏人太像被嫌弃，还曾因长得丑进了派出所","0","冯小宁 观众 《大宅门》 丑角 老演员","娱乐 举起手来 神雕侠侣 黄河 成功"
"176047","古天乐被曝因陈乔恩单身多年 被吴君如错点鸳鸯谱","0","错点鸳鸯 吴君如 霍建华 古天乐 陈乔恩","陈乔恩 古天乐 错点鸳鸯 霍建华 单身"
"176048","全明星综艺被爆退出黄金档？电视综艺面临重大转型，到底会如何呢","0","全明星 综艺 黄金 明星 东方卫视","综艺 明星 广电总局 东方卫视 爸爸去哪儿"
"176049","郑爽回应在娱乐圈地位？能拿到娱乐圈顶级资源？","0","娱乐圈 郑爽 粉丝 《寂寞空庭春欲晚》 《一起来看流星雨》","郑爽 一起来看流星雨 悟空传 寂寞空庭春欲晚 微博"
"176075","她的演技比刘涛还好，孙俪都不敢对戏，却从未获奖","0","《甄嬛传》 刘涛 蒋欣 演技 孙俪","蒋欣 刘涛 孙俪 甄嬛传 娱乐"
"176076","马蓉疑仿郑爽用父亲名义发微博 称陈冠希是男神","0","郑爽 微博 父亲 马蓉 陈冠希","马蓉 陈冠希 微博 郑爽 男神"
"176077","《奔跑吧6》邀请乔欣？你们觉得鹿晗和谁cp好呢？","0","观众 鹿晗 奔跑吧 cp 热巴","鹿晗 热巴 迪丽热巴 成功"
"176078","明星吻戏赵丽颖何炅借位成功 杨幂被赵又廷啃的无奈","0","明星 赵又廷 何炅 借位 杨幂","赵又廷 何炅 杨幂 赵丽颖 明星"
"176079","90后张一山新戏又开始飙演技！80后演员还在演傻白甜？","0","张一山 演员 演技 傻白甜 陈乔恩","张一山 陈乔恩 90后 周冬雨 80后"
"176080","《极限挑战》黄宗泽“双商”惊人！连罗志祥都变迷弟","0","罗志祥 《极限挑战》 黄宗泽 戏骨 男人帮","黄宗泽 罗志祥 极限挑战 男人帮 娱乐"
"176083","粉丝质疑不是实力派，郑爽霸气回应：我能拿到娱乐圈顶级资源！","0","郑爽 娱乐圈 粉丝 小爽 综艺节目","郑爽 电影"
"176084","他13岁红遍全世界，刚满20岁就有过45任女友！","0","女友 专辑 唱功 粉丝 唱片公司","娱乐 女友 小鲜肉 美国 牛仔裤"
"176104","baby疑似回应传言，自己从不缺好剧本？赵丽颖林更新被蔑视？","0","剧本 蔑视 赵丽颖 baby 林更新","林更新 赵丽颖 楚乔传 文章"
"176105","极限挑战黄渤压箱底唱片曝光，看着封面照片黄磊这样说","0","黄渤 极限挑战 艺兴 歌手 黄磊","黄渤 黄磊 极限挑战 娱乐 男人帮"
"176106","曾红极一时, 是陈赫同学, 因好友、母亲去世备受打击, 今过成这样？","0","王传君 母亲 关谷神奇 《爱情公寓》 陈赫","王传君 陈赫 乔任梁 爱情公寓 心酸"
"176107","刘德华隐婚20年 郑中基阿Sa结婚无人知离婚大阵仗","0","隐婚 郑中基 离婚 结婚 阿sa","刘德华 结婚 秘密 离婚 马来西亚"
"176108","参加多个综艺都扑街只有这个成功，吴亦凡告诉你什么是真正的专业","0","吴亦凡 扑街 综艺 嘻哈 hiphop","吴亦凡 中国有嘻哈 综艺 成功 七十二层奇楼"
"176109","杨颖铁了心要靠剧本翻身么? 网友笑道: 仿佛当年在上数学课的场景","0","杨颖 剧本 数学 郭鑫 黄轩","黄轩 电视剧"
"176110","阿拉蕾演小龙女被笑像陈妍希？同参加爸哪，他暑假这样","0","《爸爸去哪儿4》 阿拉蕾 小龙女 陈妍希 李亦航","小龙女 陈妍希 爸爸去哪儿 娱乐 董力"
"176145","杨洋带六个黑衣保镖架子大？而萧蔷平底鞋都要助理扶","0","明星 萧蔷 平底鞋 杨洋 架子","保镖 杨洋 明星 娱乐 熊黛林"
"176146","刘诗诗十大出彩古装剧：步步惊心、醉玲珑领衔","0","刘诗诗 胡歌 金庸 步步惊心 醉玲珑","刘诗诗 醉玲珑 胡歌 袁弘 步步惊心"
"176150","谢霆锋确诊患病，第一个想到她，她却这样回应？！","0","谢霆锋 张柏芝","谢霆锋 张柏芝 皮肤癌 王菲 女人"
"176151","1岁被骂长得丑，4岁合作赵又廷爆红，戚薇爱她到不行","0","范冰冰 搭档 《深夜食堂》 赵又廷 戚薇","赵又廷 深夜食堂 长大 范冰冰 妈妈"
"188027","孙八一赛后采访：我觉得我不该被淘汰","0","歌词 忘词 嘻哈 观众 rapper","中国有嘻哈 儿童 贵州 24小时"
"188042","卢靖姗凭战狼2俘获了全国观众的心，这样仗义的混血美女谁不爱？","0","混血美女 战狼2 观众 瑞秋 卢靖姗","卢靖姗 吴京 战狼2 妈妈 绿箭侠"
"188678","郑恺说好认真拍花絮照却成了这样，其实网友注意力根本不在他身上","0","郑恺 花絮","郑恺 西装 美女"
"188699","被嘻哈界的范伟圈粉了，连张震岳都为他打call","0","范伟 说唱 rapper 张震岳 嘻哈","张震岳 范伟 七匹狼 欧阳靖 催债"
"188966","何洁全黑现身机场撒娇工作人员 昨天却霸气撩经纪人","0","何洁 经纪人 撒娇 张柏芝 周星驰","何洁 裙裤 萌妹子 张柏芝 周星驰"
"189068","冯德伦舒淇夫妻档现身 抱安吉合照被催生","0","冯德伦 舒淇 夫妻档 美少年 安吉","舒淇 沙溢 电影 牛仔裤 离婚"
"189095","唐艺昕一张照片暴露硬伤 但我还是和张若昀、李易峰一样喜欢她","0","李易峰 张若昀 张小凡 女神 唐艺昕","唐艺昕 张若昀 李易峰 长裙 宋茜"
"189883","同为40岁的女人，陈数这气质和气场完全秒杀马伊俐和袁泉！","0","闫妮 卷发 陈数 袁泉 马伊俐","陈数 女人 闫妮 黄磊 柳岩"
"189921","baby工作室搞事情？一张照片惹怒赵丽颖粉丝","0","工作室 赵丽颖 baby angelababy 粉丝","赵丽颖 楚乔传 Angelababy 微博 电视剧"
"190039","40亿！谁敢说这场“战狼热”里，没有自己的身影？","0","《战狼2》 吴京 票房 北京文化 战狼","吴京 战狼2 股价 茅台 战狼"
"190290","倪妮生日后首现身女神范十足 咬唇抿嘴有点萌","0","时尚 倪妮 女神 唇红齿白","倪妮 咬唇 长裙 打扮 北京"
"190360","赵丽颖新代言化身月亮女神，纵身一跃那刻美到窒息","0","女神 嫦娥 兔子 化身 赵丽颖","赵丽颖 女神 嫦娥 长裙 好莱坞"
"190392","太古神王首发剧照，王子文平眉显老，盛一伦面瘫还不如向佐","0","王子文 太古神王 向佐 盛一伦 面瘫","盛一伦 王子文 向佐 太古神王 面瘫"
"190448","贝克汉姆一家现身摩登家庭拍摄地，小七肚子鼓鼓笑的乖巧","0","摩登家庭 小七","贝克汉姆 摩登家庭 辣妈 爵士"
"191838","汪涵变老顽童造型调皮可爱，杨迪变孙猴子，杜海涛才是妖怪","0","杨迪 猴子 汪涵 造型 杜海涛","汪涵 猴子 造型 谢娜 打扮"
"193135","韩星池昌旭即将入伍，短发造型公开英气十足","0","韩星 英气 池昌旭 短发 造型","池昌旭 韩国 造型 Healer 睡美人"
"193168","古力娜扎饮品店照美出天际，百变造型献飞吻美感十足！","0","娜扎 古力娜扎 百变 造型 张翰","娜扎 古力娜扎 张翰 发型 旅行"
"193595","霸气女王到清新小仙女无缝转变 杨紫瘦成了小腰精","0","女王 瘦身 粉丝 杨紫 仙女","杨紫 小仙女 蚊子 高跟鞋 造型"
"193659","今年最大黑马，这部网剧有毒，一次刷十五集都不过瘾！","0","悬疑 鬼片 英剧 法医 人物","河神 鬼片 电视剧 电影 美剧"
"182611","不老男神吴尊现身机场 网友：感觉越来越年轻","0","吴尊 海飞 bgm 粉丝 格格","吴尊 男神 造型 皱纹 薄荷"
"182690","修杰楷幸福炫娃新晒高清照，一脸坏笑痞痞的惹人爱","0","修杰楷 幸福 贾静雯 bobo","修杰楷 幸福 眉毛 妹妹 平安"
"183182","美颜美手加美腿，现在又流行细腰了，细数那些看着就饿的女星","0","张俪 周冬雨 李菲儿 女星 美手","张俪 周冬雨 李菲儿 张天爱 袁姗姗"
"183185","男星卸妆后还是货真价实的男神吗？素颜见分晓！","0","男星 素颜 林更新 窦骁 吴亦凡","林更新 黄子韬 窦骁 鹿晗 男神"
"183199","刘亦菲的溜肩解决了，白浅上仙就完美啦","0","西装 皮衣 白浅 刘亦菲 天仙","白浅 刘亦菲 西装 三生三世 短款"
"183590","说杨洋是个很会撩人的boy,看到岳云鹏我信了","0","岳云鹏 boy 杨洋 刘亦菲 天仙","杨洋 岳云鹏 刘亦菲 真人秀 白浅"
"185705","哈哈哈哈哈哈哈！周杰伦，杜莎夫人蜡像馆唯一指定练手明星？","0","明星 蜡像馆 周杰伦 周董 杜莎夫人蜡像馆","明星 周杰伦 吴彦祖 刘雯 郭富城"
"185778","《战狼》是中国版的007？先看看“军人之魂”","0","战狼 007 《战狼》 吴京 电影","战狼 吴京 电影 中国 狼牙"
"186026","迪丽热巴、张彬彬、李泰、刘畅用“眼技”显演技，网友：坐等开播","0","迪丽热巴 演技 李泰 张彬彬 刘畅","张彬彬 迪丽热巴 秦时丽人明月心 浙江卫视 爱情"
"186080","宋茜必须女星机场第一人！奇葩造型能脑补一部小说，杨幂都得服她","0","杨幂 小说 宋茜 奇葩 造型","宋茜 造型 杨幂 狮子头 小说"
"186125","别再吐槽阿娇和张惠妹的恨天高了，和她比简直就不算事儿！","0","张惠妹 恨天高 演唱会 渔网袜 艳照门","张惠妹 造型 渔网袜 前凸后翘 演唱会"
"186161","李菲儿的小蛮腰和翘臀绝对是实力抢镜，不知道黄晓明怎么看？","0","李菲儿 小蛮 黄晓明 男模 紧身裤","李菲儿 黄晓明 穿搭 前凸后翘 街拍"
"186625","欧阳靖摘面具现真身，加入吴亦凡死亡组是福是祸？！","0","战队 江湖 欧阳靖 吴亦凡 嘻哈","欧阳靖 吴亦凡 中国有嘻哈 万磁王 哈文"
"186694","180的黄晓明在张亮面前也太小鸟依人了？网友：终于暴露身高了","0","后厨 黄晓明 张亮 赵薇 真人秀","黄晓明 张亮 赵薇 真人秀 中餐厅"
"187089","仰天大笑出门去！吴磊机场造型青春洋溢 袜子超抢镜","0","短裤 吴磊 造型 堆堆袜 弟弟","吴磊 堆堆袜 造型 青春 款式"
"187103","啃西瓜皮、舍不得买水 黄晓明和张艺兴节约得让人心疼又骄傲","0","张亮 张艺兴 黄晓明 西瓜 郭德纲","张艺兴 黄晓明 郭德纲 张亮 慈善"
"187542","吴京选吴刚演战狼2是为蹭达康书记热度？悟空问答的网友真相了","0","吴刚 《人民的名义》 《战狼2》 战狼2 吴京","吴京 战狼2 人民的名义 电影 战狼"
"187545","宋茜唐艺昕这对“送糖”姐妹花，我们觉得可以！","0","宋茜 唐艺昕 百褶裙 衬衫 蝴蝶结","唐艺昕 宋茜 蒋欣 小仙女 款式"
"187578","比起锁场的羊毛，《士兵突击》的粉丝太可爱了，王凯的粉丝也很棒","0","《士兵突击》 粉丝 王凯 爱豆 杨洋","《士兵突击》 王凯 杨洋 吴京 电影"
"165167","娱乐圈拿枪最帅的三个人，最佩服的还不是周润发！","0","周润发 李连杰 娱乐圈 孙红雷 赌神","周润发 李连杰 孙红雷 赌神 中南海保镖"
"166691","杨千嬅“盛装”出席活动，高颜值仍然无法掩盖这身尴尬的打扮！","0","穿衣 杨千嬅 打扮 搭配 阿娇","打扮 高跟鞋 俄罗斯 街拍 长裙"
"168085","靠《军师联盟》司马懿再圈粉，吴秀波成名之路却颇为艰辛","0","《军师联盟》 吴秀波 《四大名捕》 1988 司马懿","吴秀波 军师联盟 四大名捕 电影 电视剧"
"171191","这位中国演员被韩国人捧成&quot;国民老公&quot; 中国网友却问“他是谁啊？”","0","国民老公 于晓光 秋瓷炫 演员 韩国","中国 皮划艇 狼烟北平 单身狗 张靓颖"
"171886","相比于昆凌晒出的豪宅，我更喜欢姚晨接地气的家","0","昆凌 姚晨 豪宅 装修 张柏芝","昆凌 姚晨 装修 张柏芝 范玮琪"
"172392","刘亦菲最新广告片又仙又美，原来之前在高原上奔跑需要吸氧就是拍的这个啊","0","刘亦菲 天仙 护肤","刘亦菲 白浅 护肤品"
"173351","李宇春冠军造型现身机场 网友说你这是要去国足集训吗？","0","李宇春 春春 造型 站姿 内搭","李宇春 造型 打扮 外套 长筒袜"
"174086","快男赵英博被淘汰女粉丝哭喊不要放弃，罗志祥机智救场全场爆笑","0","朱碧石 《快乐男声》 罗志祥 粉丝 爆笑","赵英博 罗志祥 快乐男声 李健 爆笑"
"174538","《一起来看流星雨》八年，要做喜剧演员的朱梓骁，现在只能做悲情男主","0","《一起来看流星雨》 喜剧演员 朱梓骁 《快本》 张翰","一起来看流星雨 张翰 郭敬明 快乐大本营 何炅"
"174885","赵丽颖身穿白T配吊带牛仔裤录节目，怀抱花束像小学生可爱到犯规了","0","赵丽颖 小红帽 战神 综艺节目 录制","赵丽颖 牛仔裤 小红帽 战神 红色"
"175354","《建军大业》演员欧豪被批女气，粉丝说法惹争议，最后一句话被狂赞？","0","欧豪 粉丝 演员 邓颖超 《建军大业》","欧豪 叶大鹰 建军大业 小鲜肉 邓颖超"
"182210","赵丽颖戏里戏外最爱的就是睡觉，可睡姿这么美头号睡神封给她了！","0","赵丽颖 戏里戏外 最爱 《花千骨》 《宫锁沉香》","赵丽颖 花千骨 睡美人 宫锁沉香 萌妹子"
"182228","张柏芝带儿子去剪发很温馨 大儿子这动作很像谢霆锋","0","张柏芝 谢霆锋 五官","张柏芝 谢霆锋 辫子 妈妈"
"193697","林更新王丽坤恋情曝光？他们牵扯出的爱恨情仇才更精彩","0","王丽坤 林更新 乔振宇 王鸥 杨幂","王丽坤 林更新 乔振宇 王鸥 杨幂"
"193699","害怕吻戏的明星：张曼玉亲得全身发抖，她靠喝酒壮胆","0","明星 张曼玉 蒋劲夫 李连杰 郑爽","张曼玉 蒋劲夫 李连杰 安以轩 姚晨"
"193700","张歆艺在节目上哭被网友喷卖人设，但冯小刚却发文力挺她","0","冯小刚 人设 张歆艺 袁弘 二姐","张歆艺 袁弘 冯小刚 孙红雷 电影"
"193701","被维秘天使的大片造型惊呆了！“前后开裆”什么时尚？","0","大片 造型 时尚 维秘 天使","造型 时尚 娱乐 les 牛仔"
"193702","她曾被张艺谋提携，靠演赵丽颖的死对头走红","0","张艺谋 李纯 赵丽颖 《花千骨》 坏女人","张艺谋 赵丽颖 花千骨 坏女人 心理罪"
"193783","林心如被称吻戏收割机，亲遍半个娱乐圈的男神！","0","王力宏 周杰 林心如 娱乐圈 陈小春","林心如 陈小春 男神 王力宏 周杰"
"193804","《我和你的倾城时光》开拍，关注赵丽颖的新戏","0","金瀚 大学 小花 倾城 赵丽颖","赵丽颖 丁墨 俞灏明 楚乔传 90后"
"193926","他是杨洋的室友，赵丽颖都不曾带红，如今被这部雷剧带红","0","赵丽颖 郑业成 雷剧 杨洋 剧集","杨洋 赵丽颖 陈伟霆 小鲜肉 安悦溪"
"193931","抢走TFBOYS镜头，挤兑吴昕的表演，她将接班谢娜","0","吴昕 谢娜 tfboys 刘烨 《快乐大本营》","刘烨 吴昕 谢娜 BOY 快乐大本营"
"193935","《奔跑吧》兄弟即将迎来合体，迪丽热巴和鹿晗节目外首次同框","0","鹿晗 兄弟团 录制 迪丽热巴 奔跑吧","迪丽热巴 鹿晗 王祖蓝 郑恺 陈赫"
"193937","生三胎的吴佩慈为何嫁不进豪门除了爱炫富，素颜丑也是原因","0","吴佩慈 素颜 豪门 纪晓波 黄立行","单亲妈妈 小龙女 刘亦菲 成龙 女明星"
"193970","李易峰一条微博，引宋祖德怒骂，卓伟都没说话呢你算老几？","0","宋祖德 卓伟 微博 李易峰 老子","李易峰 微博 老子 萌萌哒 明星"
"193972","潘玮柏带吴昕见好友炫耀，这个细节说明两人假戏真做","0","潘玮柏 唐志中 吴昕 陈建州 《我们相爱吧》","潘玮柏 吴昕 陈建州 我们相爱吧 范玮琪"
"193992","宋轶和张翰解约不到俩月，张翰便因《战狼2》成功逆袭，后悔了？","0","逆袭 张翰 宋轶 《战狼2》 工作室","宋轶 张翰 战狼2 胡歌 伪装者"
"193999","赵薇、黄晓明“中餐厅”的饭太难吃？竟早晚跑去别家餐厅吃饭！","0","赵薇 中餐 黄晓明 录制 真人秀","赵薇 黄晓明 中餐厅 真人秀 周冬雨"
"194002","靳东新剧秒变渣男，又怂又萌，网友：要不是靳东一巴掌呼过去","0","靳东 新剧 渣男 金星 小三","靳东 渣男 我们的爱 鸡汤 恋爱"
"194003","郑爽蹲地与助理尬聊，疑似白敬亭探班，网友：齐铭何在？","0","马天宇 小爽 白敬亭 郑爽","白敬亭 郑爽 马天宇 学士服 郭敬明"
"194006","郑元畅成男配贺军翔发福变奶爸 台剧男神集体flop?","0","贺军翔 郑元畅 台剧 偶像剧 发福","汪东城 杨丞琳 男神 台湾 彭于晏"
"194007","孙俪片场入戏太深，穿囚衣瑜伽练功，网友：是个有理想的囚犯","0","娘娘 男演员 入戏太深 孙俪 宫廷剧","孙俪 那年花开月正圆 邓超 故事"
"194010","章子怡、张庭、谢娜……所以说，还有没被李湘怼过的闺蜜么？","0","闺蜜 李湘 张庭 谢娜 章子怡","李湘 章子怡 谢娜 闺蜜 微博"
"194011","张艺兴晒自己蝶泳，说到做到美男鱼，浪里白条小绵羊","0","游泳 绵羊 才艺 张艺兴 小绵羊","蝶泳 张艺兴 游泳 请假条 迪丽热巴"
"194012","颖儿付辛博当街牵手，网友感叹：还是没有放过付辛博","0","吴佩慈 十指相扣 颖儿 付辛博 牵手","颖儿 明星 真人秀"
"194014","易烊千玺逆袭成为TFBOYS颜值担当，优秀不是他们所能比较的","0","易烊千玺 tfboys 逆袭 说易烊千玺 纸鹤","易烊千玺 BOY 王源 王俊凯 架子鼓"
"194015","代言选择赵丽颖搭配杨洋，最不开心的是迪丽热巴和他","0","陈赫 美食 杨洋 赵丽颖 迪丽热巴","赵丽颖 陈赫 迪丽热巴 杨洋 美食"
"194016","张天爱的流量挑衅张若昀的人气，新作未上线官方搞事网友不约","0","女主 演员 张天爱 张若昀 剧集","张若昀 张天爱 微博 爱情"
"194017","陈伟霆被拍到胡子拉碴装扮随意，走这种路线你还喜欢吗？","0","小胡子 陈伟霆 粉丝","陈伟霆 醉玲珑 老九门 男人"
"194019","抢角的Baby代言已被赵丽颖截胡收编，她说为了他可以不顾一切","0","赵丽颖 baby 她说 德芙 剧集","赵丽颖 德芙 林更新 楚乔传 嫦娥"
"194020","王源新综艺获两家卫视争抢，景甜林更新高配置阵容如何选择","0","综艺 卫视 王源 景甜 林更新","王源 景甜 林更新 综艺 真人秀"
"194021","鹿晗桃花运简直太盛，霸道索吻关晓彤，网友：热巴，你绿了","0","《爱情公寓5》 晓彤 鹿晗 关晓彤 热巴","关晓彤 鹿晗 热巴 爱情公寓5 甜蜜暴击"
"194022","周冬雨童年照完全是个熊孩子，当红花旦气质是后天培养的","0","周冬雨 后天 童年 红花 杨紫","周冬雨 杨紫 后天 童年"
"194024","锦荣新欢完胜蔡依林，她是一个身材性感颜值颇高的日巴混血儿","0","周杰伦 周董 锦荣 混血儿 蔡依林","蔡依林 周杰伦 侯佩岑 昆凌 辣妹"
"194025","李易峰刘德华王大陆电影同期上映，谁才是最后票房赢家","0","上映 赢家 电影 李易峰 票房","李易峰 电影 心理罪 王大陆 刘德华"
"194026","冯德伦打破舒淇婚姻不合传言，婚戒和评分，都让网友眼红？","0","舒淇 冯德伦 婚姻 小s 有情人终成眷属","舒淇 婚姻 结婚 闪婚"
"194041","王栎鑫宣布二胎儿子出生：谢谢你圆满了我的人生","0","王唯伊 大肚照 王栎鑫 二胎 人生","二胎 怀二胎 微博 全家福 表白"
"194046","这波暑期电影后 多少“流量小生”变成“演员”？","0","演员 欧豪 观众 粟裕 小生","欧豪 刘昊然 李易峰 建军大业 电影"
"194048","王心凌怒斥姚元浩：没有男人的担当！怼了网友却引来同情","0","王心凌 姚元浩 前男友 演唱会","姚元浩 王心凌 男人 演唱会 做法"
"194049","追星界出现斥巨资大佬，张杰鹿晗上榜，郑爽更是上了广州塔","0","追星 爱豆 郑爽 鹿晗 张杰","郑爽 张杰 广州 鹿晗 竞走"
"194061","汪峰音乐纪录片《存在》首映 曝与章子怡恋爱细节","0","《存在》 汪峰 章子怡 纪录片 首映","汪峰 章子怡 纪录片 音乐 恋爱"
"194063","暖心好少年！TFBOYS为九寨沟地震灾区捐款一百万","0","tfboys 地震 九寨沟 少年 邓超孙俪","九寨沟 BOY 地震 黄晓明 微博"
"194064","破分手传闻！王思聪豆得儿现身和友人吃饭","0","感情生活 豆得儿 王思聪","王思聪 马尾 烤肉 朋友"
"194067","佟大为中关村打卡上班 网友：这个码农有点帅","0","新剧 录制 佟大为 中关村 电视节目","佟大为 中关村 人间至味是清欢 穿搭 西装"
"194068","靳东回应说“错”话事件：多花时间关心自己更重要","0","靳东 梵高 被扒","靳东 梵高 朋友 北京"
"194069","汪峰晒演唱会舞美照 网友却发现是抄袭...","0","汪峰 演唱会 合唱团 鸟巢 adele","演唱会 汪峰 鸟巢 侃爷 阿黛尔"
"194070","李念深夜发文疑似与富豪老公婚变 ：请骗我一辈子","0","微博 李念 婚变 《蜗居》 《非常静距离》","蜗居 微博 李静 海清 婚姻"
"194071","《失眠》作曲人房振刚道歉 潘玮柏：会将歌曲下架","0","作曲 歌曲 潘玮柏 《失眠》 副歌","潘玮柏 音乐 北京 微博 手机"
"194073","甄子丹瞧不起吴京遭怒怼，网友：挑拨，没有的事","0","李连杰 吴京 甄子丹 功夫 电影","吴京 甄子丹 电影 功夫 李连杰"
"194074","黎明被曝演出遭拖欠600万制作费 为粉丝“义”唱","0","黎明 粉丝 演出 演唱会 唱片公司","黎明 广州 演唱会 中国 香港"
"194078","迪丽热巴新剧开播晒自拍，“宾利夫妇”上线，这次无人再提鹿晗！","0","鹿晗 宾利 新剧 张彬彬 迪丽热巴","迪丽热巴 宾利 秦时丽人明月心 张彬彬 鹿晗"
"194079","刘德华称瞒婚成人生唯一缺点，原因竟是这样的","0","人生 朱丽倩 隐婚 台湾名嘴 刘德华","刘德华 台湾 苗侨伟 开讲啦 梁朝伟"
"194081","吴尊携子海滩晒照，都不穿衣服？网友：辣眼睛了老铁","0","吴尊 海滩","吴尊 微博"
"194082","彭于晏又因郑爽被骂？真是郑爽粉丝，还是郑爽黑粉？","0","彭于晏 粉丝 郑爽 票房 悟空传","郑爽 彭于晏 悟空传 倪妮 大众"
"194083","潘玮柏用震惊俩字回应最近的抄袭事件，","0","《我们相爱吧》 潘玮柏 龙俊亨 韩综 副歌","潘玮柏 我们相爱吧"
"194486","吴京讲述18个月特种兵生活:中国军人打不倒打不败","0","吴京 战狼 英雄 爱国者 电影","吴京 中国 战狼2 战狼 电影"
"194511","周星驰求她别抢戏，46岁嫁身价上亿富豪，林正英到死都牵挂她！","0","周星驰 牵挂 丑角 苑琼丹 林正英","林正英 周星驰 僵尸道长 唐伯虎点秋香 陈嘉上"
"194516","娱乐圈身价过亿的6位“大龄剩女”，林志玲上榜","0","娱乐圈 林志玲 周海媚 许晴 第一美女","林志玲 柳岩 周海媚 许晴 高富帅"
"194554","林更新，真正意义上的妇女之友！","0","王柳雯 于和伟 蜘蛛精 林更新 王丽坤","王丽坤 林更新 于和伟 乔振宇 女友"
"194583","章龄之二胎生子气色好，陈龙体贴陪产甜蜜亲吻","0","章龄之 陈龙 二胎 亲吻 小脚","宝宝 二胎 娱乐 秀恩爱 幸福"
"194589","不玩人设只玩演技，爱好写书法唱京剧，牛骏峰真是鲜肉界的一朵奇葩","0","书法 演技 牛骏峰 人设 京剧","楚乔传 微博 吴京 滑雪 小鲜肉"
"194649","靳东发文又说错话，回怼网友：管好你自己！","0","靳东 微博 梵高 数学 《伪装者》","靳东 微博 梵高 娱乐 伪装者"
"194753","女星因女儿外表被吐槽而生气，甚至想出国隐退！","0","金喜善 女星 韩国 成龙 艺人","金喜善 娱乐 韩国 成龙 电视剧"
"194765","唐嫣宣布去美国，粉丝大感不舍，知道原因后纷纷送祝福！","0","唐嫣 罗晋 祝福 粉丝 美国","唐嫣 罗晋 锦绣未央 美国 微博"
"194780","内地票房：《战狼2》破45亿 对垒三部新片仍稳坐周冠","0","《心理罪》 《战狼2》 票房 《鲛珠传》 李易峰","心理罪 战狼2 尹珊珊 赛尔号大电影6：圣者无敌 李易峰"
"194785","心态炸了！女儿在车里拉粑粑搞懵陈赫 网友大喊：干的漂亮！","0","陈赫 anan 微博","陈赫 微博 美食 时时刻刻"
"194806","张继科父子加入《极速前进4》 黑黑乳轻脂助力畅游北欧","0","父子 畅游 张继科 极速 丑小鸭","张继科 极速前进 藏獒 芭蕾舞 丹麦"
"194839","瞒婚成人生唯一缺点？刘德华藏朱丽倩身份和黑道有关？","0","朱丽倩 刘德华 人生 影评 台湾","刘德华 台湾 苗侨伟 开讲啦 梁朝伟"
"194845","58岁倪萍如今要人搀扶才能走，身体状况透露背后辛酸","0","倪萍 吐槽大会 脱口秀 浮肿 赵忠祥","倪萍 娱乐 吐槽大会 赵忠祥 流行语"
"194895","小猪罗志祥智商居然在线了，这期极限挑战笑趴！","0","柯南 王珞丹 极限挑战 罗志祥 张艺兴","罗志祥 黄渤 黄磊 狼人杀 极限挑战"
"194897","“九亿少女的梦”花落王丽坤？林更新这次居然不是选的网红女友！","0","林更新 王丽坤 女友 孙铱 陈碧舸","林更新 王丽坤 少女 女友 上海"
"194898","当众手指关之琳，网友：就这素质叫刘嘉玲来看看她敢不？","0","关之琳 刘嘉玲 宋茜 柔道 我们来了","宋茜 女神"
"194900","沙溢嫌弃胡可不管孩子胡可委屈流泪，丧偶式婚姻让妈妈们心寒！","0","安吉 沙溢 胡可 婚姻 妈妈","沙溢 妈妈 保姆 婚姻 妈妈是超人"
"194901","香港艺人培训班跑龙套的演技为何能比上戏中戏的明星还牛？","0","演技 中戏 上戏 艺人 龙套","中戏 明星 赵丽颖 李国麟 TVB"
"194904","汪涵首谈：20年前去还珠剧组打杂，只有范冰冰这样称呼他","0","剧组 汪涵 还珠 何炅 范冰冰","汪涵 何炅 范冰冰 琼瑶 还珠格格"
"194908","张艺兴极挑地位发生飞跃性进步，孙红雷黄磊纷纷叫师父","0","黄磊 师父 艺兴 孙红雷 张艺兴","张艺兴 黄磊 孙红雷 张歆艺 男人帮"
"194910","不顾众人反对，谢娜执意力捧！如今红了却被质疑比薛之谦还傲娇！","0","观众 综艺 谢娜 薛之谦 杨迪","谢娜 薛之谦 娜就这么说 偶滴歌神啊 综艺"
"194911","周杰伦儿子英文名首曝光，网友戏称：不愧是小公举起的，够浪漫","0","周杰伦 小公举 杰伦 昆凌 观众","周杰伦 昆凌 青春 二胎 男神"
"194913","赵丽颖再次被爆，这些私事被公开，她却表白了他","0","赵丽颖 林更新 陈伟霆 粉丝 表白","赵丽颖 陈伟霆 林更新 表白 青云志"
"194914","极限挑战王珞丹一直愧疚张艺兴，用这些小细节圈粉无数","0","张艺兴 王珞丹 极限挑战 狐狸 卧底","张艺兴 黄磊 极限挑战 孙红雷 张歆艺"
"194915","王宝强回归演员，携手陈思诚开拍《唐人街探案》第二部","0","《唐人街探案》 演员 陈思诚 王宝强 岛田庄司","唐人街探案 王宝强 刘昊然 秦风 宋佳"
"194917","极限挑战狼人杀你真的看懂了吗？多得是你不知道的事！","0","狼人杀 极限挑战 王珞丹 红雷 王迅","狼人杀 王迅 姚晨 黄磊 极限挑战"
"194926","陈奕迅也能秒变大长腿？刘翔女友的腿更是让姚明都惊讶","0","长腿 姚明 女友 陈奕迅 刘翔","陈奕迅 姚明 周杰伦 女友 鹿晗"
"194927","极挑五位北影毕业明星论辈分，辈分最低的竟然是黄渤！","0","黄渤 江一燕 王珞丹 明星 北影","黄渤 黄磊 姚晨 极限挑战 北京电影学院"
"194946","《极限挑战》张艺兴流放荒岛是铺垫？圆军人梦才是惊喜","0","小绵羊 boy 《极限挑战》 张艺兴 王珞丹","张艺兴 极限挑战 娱乐 老大哥 男人帮"
"194987","王思聪豆得儿复合了？眼睛哭肿的豆得儿还没下线！","0","真爱 豆得儿 王思聪 复合 素颜照","王思聪 琼瑶 北京 小鲜肉 富二代"
"194991","陈冠希余文乐开撕互怼，两人还曾因阿娇大打出手","0","陈冠希 余文乐 音乐颁奖典礼 后台 草莓音乐节","余文乐 陈冠希 娱乐 音乐颁奖典礼 女朋友"
"194992","洪金宝力挺吴京，这句话暗讽甄子丹一红就晕了头？","0","吴京 赵文卓 武术 甄子丹 洪金宝","甄子丹 洪金宝 吴京 杀破狼 战狼2"
"194998","张一山生病十年坦言想休息，接受采访整个人都丧了？","0","十年 张一山 主持人 真人秀 经纪人","张一山 家有儿女 十年 真人秀 余罪"
"194999","死都不会跟她合作！因为抢男人死也不会同台的6对明星","0","娜扎 张翰 明星 李菲儿 张馨予","李菲儿 马伊琍 张馨予 张翰 娜扎"
"195000","女主持首上快本就挤开TFboys，为抢镜也是拼了","0","tfboys 女主 刘烨 快本 吴昕","刘烨 吴昕 TFboys 何炅 易烊千玺"
"195008","吴京女装旧照曝光 网友：我先脱粉五分钟！","0","吴京 女装 色女 戏服 照片曝光","吴京 少林武王 战狼 社会 男人"
"195014","范冰冰银发配红唇被嘲杀马特，造型出错老十岁！","0","造型 短发 范冰冰 杀马特 红唇","范冰冰 造型 娱乐 女神 男人"
"195130","蒙大统领再当爹，陈龙章龄之喜获二胎，“酒”有“葫芦”装了","0","葫芦 二胎 章龄之 陈龙 当爹","二胎 成龙 幸福 爱妻 琅琊榜"
"195176"," 潘玮柏新歌被指抄袭，大张伟李宇春邓紫棋等人都是他的&quot;前辈&quot;","0","邓紫棋 大张伟 潘玮柏 李宇春 新歌","大张伟 潘玮柏 李宇春 邓紫棋 EXO"
"195224","祁睿峰！你是想把我笑死，好继承我家的一白吗？！","0","谭松韵 旋风少女2 影子 角色 追爱","浪花一朵朵 谭松韵 追爱 会胖 成功"
"195250","有点肉麻，陈晓私下这样称呼老婆陈妍希","0","蔡康永 蔡卓妍 陈妍希 陈晓 阿sa","陈妍希 陈晓 蔡康永 宝宝 饭局的诱惑"
"195398","王栎鑫喜得爱子 苏醒却宣布和王栎鑫感情破裂？","0","苏醒 爱子 祝福 海豚音 王栎鑫","苏醒 微博 结婚 俞灏明 女朋友"
"196166","赵又廷私下对高圆圆讲过最浪漫的情话竟是这句","0","赵又廷 太太 夜华 影视城 高圆圆","赵又廷 高圆圆 情话 保养 女神"
"196202","她是吴亦凡师姐声音酷似张碧晨 在SM坐了多年冷板凳终解约回国","0","张碧晨 吴亦凡 sm 张力尹 东方神起","张碧晨 宋茜 东方神起 吴亦凡 韩庚"
"196264","靳东作品被批审美疲劳没突破？网友，这个锅扣的有点冤枉！","0","靳东 收视率 《我们的爱》 《我的前半生》 上映","靳东 我的前半生 电视剧 守卫者浮出水面 我们的爱"
"141458","赵丽颖经纪人跟粉丝开撕 只因她要跟言承旭拍戏？","0","赵丽颖 微博 经纪人 粉丝 言承旭","赵丽颖 言承旭 丁墨 微博 电视剧"
"147911","赵丽颖再次合作小鲜肉！联手杨洋代言外卖软件！","0","杨洋 软件 赵丽颖 照片曝光 手机","赵丽颖 杨洋 软件 小鲜肉 减肥"
"191839","影帝梁朝伟与周星驰 刘德华的恩怨情仇","0","刘德华 梁朝伟 影帝 周星驰 黄日华","梁朝伟 周星驰 刘德华 苗侨伟 吴镇宇"
"191845","张柏芝街边摊买布鞋 现场试穿接地气","0","instagram 明星 架子 张柏芝","张柏芝 明星"
"191871","赵薇家厨房曝光尽奢华 和老公黄有龙惊人资产曝光","0","黄有龙 赵薇 妈妈 丸子 怼怼","赵薇 妈妈 股价 丸子 真人秀"
"191874","舒淇：冯德伦的戏没办法不答应变客串也无所谓","0","沙溢 舒淇 冯德伦 剧本 电影","舒淇 沙溢 电影 刘德华 曾志伟"
"191892","国家一级演员，成名后残忍抛弃妻子，娶一位小自己11岁的女子","0","潘雨辰 男演员 《大染坊》 演员 侯勇","电视剧 中国 男人 老牛吃嫩草 前妻"
"191893","前女友因吸毒而死，穷的连车票都买不起，40岁突然爆红全国","0","前女友 吴秀波 话剧 男演员 吸毒","吴秀波 艾美奖 西雅图 军师联盟 孤儿"
"191894","28岁出道，母亲捡破烂把他培养为明星，花千万为母亲买豪宅","0","母亲 豪宅 明星 出道 孙红雷","孙红雷 明星 电视剧 海岩 极限挑战"
"191895","相恋10天就结婚，整个娱乐圈除了她，没有第二个人敢","0","结婚 张雨绮 王全安 星爷 娱乐圈","张雨绮 王全安 结婚 周星驰 微博"
"191896","22岁出道，一直默默无闻，如今因和王宝强相恋被人熟知","0","王宝强 熊乃瑾 亲密 马蓉 出道","王宝强 熊乃瑾 马蓉 女人 戴绿帽"
"191899","国家一级演员唐国强，为什么前妻上吊自杀？7岁女儿说出痛心真相","0","唐国强 前妻 演员 离婚 妻子和女儿","前妻 离婚 雍正王朝 三国演义 妈妈"
"191790","很多女明星都饰演过狐狸角色 可谁是最美的经典？","0","狐狸 明星 角色 白浅 美的","白浅 狐狸 女明星 唐嫣 三生三世十里桃花"
"191792","有人甘愿为她挨刀，七年爱情未入殿堂 如今41岁不惧18岁少女","0","李小冉 鄢颇 徐佳宁 《来不及说我爱你》","爱情 梅婷 我爱你 单身 少女"
"191793","林更新王柳雯吃饭被指复合 女方：大家不要想太多","0","林更新 复合 王柳雯 八卦 《楚乔传》","林更新 楚乔传 前任 烤肉 朋友"
"191794","佘诗曼近照，面部表情僵硬，42岁显老相","0","佘诗曼 《碧血剑》 《使徒行者》 《金枝欲孽》 岁月","佘诗曼 香港 宫心计 《使徒行者》 刑事侦缉档案"
"191796","欧弟晒女儿获网友一致好评，称老婆的颜值真的很重要！","0","郑云灿 jojo 天天向上 贤妻 粉丝","郑云 天天向上 穿衣打扮 打扮 相声"
"191819","林更新被拍到和女友在一起，然而并不是王柳雯，另一网红","0","热吻 前女友 王柳雯 林更新 女友","林更新 女友 楚乔传 上海汽车 赵丽颖"
"191822","冯导自曝曾关注赵丽颖高仿号，这些明星的高仿号你都了解吗","0","赵丽颖 明星 马蓉 冯小刚 baby","赵丽颖 马蓉 冯小刚 明星 微博"
"191826","还记得《亮剑》中的田雨吗？和靳东演夫妻能大火吗","0","田雨 《亮剑》 童蕾 靳东 《我们的爱》","靳东 亮剑 我们的爱 黄海波 战争片"
"191827","李连杰3亿豪宅，已经沦为了保安与园丁的，菜地，网友们评论；太任性了！","0","李连杰 豪宅 壹基金 《时代》","李连杰 洛杉矶 上海 投资 基金"
"191837","他被张钧甯撩，钻石单身男彭于晏终于谈恋爱","0","卖萌 彭于晏 张钧甯 黄凯 微博热搜","彭于晏 张钧甯 单身 微博 约会"
"191770","姚笛素颜和男友现身机场，网友：与化妆相比老了十几岁！","0","男友 姚笛 素颜 女演员 化妆","姚笛 化妆 马伊琍 文章 裸婚时代"
"191772","被称为“瓷娃娃”的她，在张学友的演唱会上初次登场，真是惊艳四座！","0","娃娃 张学友 演唱会 关之琳 女演员","张学友 香港 国际 三亚 亚洲"
"191773","杨洋牛奶肌抢镜 扒娇嫩掐出水男星","0","陈翔 杨洋 男星 牛奶 护肤","杨洋 宋仲基 陈翔 牛奶 李钟硕"
"191774","那英孙俪何炅张艺兴 明星穿越合照大曝光","0","张艺兴 那英 何炅 孙俪 明星","那英 何炅 吴磊 张艺兴 孙俪"
"191775","宋佳陶红 盘点同名同姓不同命的五对明星","0","陶红 明星 宋佳 盘点 陈红","宋佳 陶红 夏雨 陶虹 陈凯歌"
"191777","张泉灵离职央视 央视主播为何集体离职？","0","文清 白燕升 李咏 主持 柴静","柴静 文清 何炅 东方卫视 中央电视台"
"191779","李亚鹏撇下李嫣独自赴台度假 游泳日光浴好不自在","0","台湾 李嫣 李亚鹏 游泳 王菲","李亚鹏 游泳 王菲 台湾 单身"
"191780","张馨予谢娜 盘点手滑点赞惹祸上身的10大明星(图)","0","张馨予 谢娜 盘点 大明星 范冰冰","张馨予 谢娜 范冰冰 黄磊 张翰"
"191781","818娱乐圈国民好闺蜜 原来她们关系这么铁","0","闺蜜 娱乐圈 唐嫣 杨幂 张含韵","闺蜜 唐嫣 杨幂 张含韵 倪妮"
"191783","玄彬张东健苏有朋 盘点被岁月毁了的男神(图)","0","盘点 岁月 张东健 玄彬 苏有朋","张东健 苏有朋 玄彬 金城武 男神"
"191784","周冬雨微博公布新恋情，晒出了两张素颜照，无名指上带钻戒","0","微博 戒指 周冬雨 素颜照 钻戒","周冬雨 微博 戒指"
"191785","李敏镐小学毕业照曝光 韩星童年照你认识谁？","0","权志龙 郑秀晶 韩星 童年 李敏镐","郑秀晶 权志龙 崔始源 麻花辫 宋慧乔"
"191788","赵薇反省自己性格太直爽 有时候得罪人都不知道","0","赵薇 中餐 黄晓明 挚友","赵薇 黄晓明 中餐厅 妈妈 师生"
"176189","演技不输马丽，《夏洛特烦恼》沈腾分的片酬，让人心疼无比！","0","《夏洛特烦恼》 片酬 沈腾 马丽 演技","沈腾 马丽 夏洛特烦恼 电影 鲁豫有约"
"176188","各大女星回眸一笑迷人瞬间，赵丽颖上榜，最后一位美哭了！","0","红毯 美女 夏雨荷 赵丽颖 女星","赵丽颖 夏雨 赵雅芝 白娘子 林心如"
"176187","顾又铭、李易峰、孙俪、柳岩 台湾偶像剧中挑大梁的内地艺人","0","偶像剧 顾又铭 艺人 台湾 柳岩","柳岩 台湾 孙俪 李易峰 冯绍峰"
"176176","明星的外号你知道几个？谢贤的很有故事啊，张柏芝的太内涵","0","张柏芝 谢贤 明星 故事 抖森","张柏芝 明星 国际 吴彦祖 林更新"
"176175","这些明星居然是富二代，不好好唱歌还得回去继承庞大的家产","0","家产 唱歌 明星 李治廷 王大陆","富二代 李治廷 明星 王大陆 董子健"
"176249","演技与样貌并重，不输左小青，合作孙红雷成名，出道21年无绯闻","0","刘威葳 孙红雷 左小青 演技 出道","刘威 孙红雷 高群书 方中信 张嘉倪"
"176280","香港影坛一代宗师，因一事与成龙李连杰反目成仇，葬礼上未见两人","0","李连杰 成龙 香港 一代宗师 刘家良","李连杰 香港 一代宗师 成龙 功夫"
"176281","他们两人都演过黑帮老大，如今一个年薪过亿，一个却沦为路人","0","赵燕国彰 孙红雷 演员 观众 北京电影节","孙红雷 电视剧 老大哥 潜伏 插翅难逃"
"176283","演技与美貌并存，头婚被闺蜜插足，二婚发福却被宠得生活无法自理","0","闺蜜 发福 演技 梅婷 二婚","梅婷 曾黎 胡静 父母爱情 秦海璐"
"176282","曾是小虎队中最帅成员，现如今沦落到这般地步","0","苏有朋 《还珠格格》 吴奇隆 小虎队 陈志朋","苏有朋 吴奇隆 还珠格格 刘诗诗 80后"
"176285","铁路工人出身，击败毛宁青歌赛夺冠，12次上春晚，娶初恋恩爱30年","0","毛宁 春晚 江涛 娱乐圈 初恋","江涛 春晚 初恋 音乐 黄鹤翔"
"176284","《家有儿女》配角现状：刘星姥姥大有来头，小雪爷爷已去世10年","0","小雪 《家有儿女》 刘星 情景喜剧 盛冠森","家有儿女 小雪 生母 张译 思美人"
"176299","曾是第一艳星，因保守毁掉星途，和医生25年未婚无子近照唏嘘！","0","艳星 星途 叶子楣 亚视 监制","叶子楣 艳星 香港 倪匡 蔡澜"
"176301","女神林心如嫁霍建华后就招黑不断","0","林心如 范冰冰 撞衫 霍建华 女神","林心如 霍建华 范冰冰 女神 赵薇"
"247161","舞台剧《DIABOLIK LOVERS MORE,BLOOD》2018年1月24日～28日东京上演","0","东京","东京"
"247163","浪漫活剧谭《艳汉》第二夜2017年12月13日～17日东京都俳优座剧场上演","0","东京",""
"247166","《美少女战士》×Samantha Vega 合作款 2015年~2017年版人气发售中","0","美少女战士",""
"247168","杉山美和子原作少女漫画改编真人网剧《护花野兽》10月30日dTV，FOD配信","0","少女漫画","少女"
"247169","“兔丸咖啡”2017年11月3日 ～12月3日日本东京表参道box期间限定开店","0","日本 东京","东京 咖啡 日本"
"247170","《少女革命》周边：手机壳、包挂、连帽衫、钥匙圈、耳环登场~11月起发售","0","耳环",""
"247390","帅气！《偶像大师 SideM》OP主题曲封面及详情公开","0","偶像大师 主题曲 蓝光碟 偶像 演唱","GRE 涂鸦 手机游戏"
"247856","钢之炼金术师 x 三丽鸥 小趴趴系列 2018年1月发售","0","钢之炼金术师","三丽鸥 钢之炼金术师"
"247969","剧场版《Fate HF》第1章首周票房出炉 斩获多项第一","0","剧场版 票房 cv 上映 梶浦由记","川澄绫子 日本 音乐 杉山纪彰 声优"
"247885","有一种FLAG 叫做发型 太太你的发型很危险啊！","0","发型","发型 FLAG"
"247888","小川悦司《中华小当家》续篇《中华小当家！极》11月起在讲谈社的APP magazinepocket上连载开始","0","中华小当家","中华小当家"
"247906","《东京食尸鬼：re》最新一话 曾经的小天使，现在的......","0","东京食尸鬼","尸鬼 东京"
"248375","音乐剧《魔界王子 devils and realist》the Second spirit 2017年11月4日 ～12日在東京都 新宿FACE 上演。","0","王子 音乐剧","音乐剧"
"248380","日高ショーコ原作BL真人电影《等待花开时》2018年2月24日上映","0","上映","电影"
"248382","舞台《刀剑乱舞》新作——“刀剑乱舞ジョ伝 三つら星刀語り”12月起東京・大阪・福岡上演","0","大阪 刀剑乱舞","刀剑乱舞 大阪"
"248406","《灵能百分百》真人电视剧化决定！滨田龙臣主演 2018年1月开播 ","0","灵能百分百 田龙","电视剧"
"248575","日宅讨论：如果雷姆跟亚丝娜同时跟你告白会选谁","0","恋爱 告白 入赘 孩子气 女孩子","入赘 恋爱 结婚 刀剑神域 心理辅导"
"249412","ONE原作少年漫画《灵能百分百》舞台化决定！","0","灵能百分百 漫画","少年"
"249411","我的英雄学院 x SuperGroupies 背包、美式休闲衫、居家服登场","0","我的英雄",""
"249410","舞台剧《文豪野犬》视觉图公开   12月22日起横滨、大阪、东京上演","0","《文豪野犬》 舞台剧","大阪 东京"
"249506","害怕！《名侦探柯南》中被害者死法和人数统计公开","0","《名侦探柯南》 青山刚昌 名侦探柯南 漫画 日本","名侦探柯南 日本"
"248978","三丽鸥设计RPG『Fate/Grand Order』周边2017年12月下旬发售","0","三丽鸥","三丽鸥"
"248932","日网公布Jump系史上最可爱女主角人气投票结果","0","《七龙珠》 《灌篮高手》 《银魂》 娜美 爱女主","伪恋 灌篮高手 李娜 银魂 七龙珠"
"250466","星森雪最少女漫画《青涩之恋》2018年上映","0","少女漫画",""
"250490","怪盗基德是《美少女战士》夜礼服假面的前辈？！","0","美少女战士","怪盗基德 假面"
"250501","高桥留美子《乱马二分之一》连载30周年纪念合作咖啡11月~2018年1月日本限定开店","0","日本","日本 咖啡"
"250931","《龙珠超》第11卷蓝光套装详情公开 引发完结猜测","0","鸟山明 蓝光 《龙珠超》 套装 动画","《龙珠超》 鸟山明 宇宙 故事"
"250929","动画人设如何？《付丧神出租中！》动画化决定","0","动画 人设 江户时代 出云 推理小说","江户时代 声优 推理小说 故事 日本"
"251387","舞台剧《K -MISSING KINGS-》京都剧场开幕","0","舞台剧",""
"251392","HYDE：一个被演艺事业耽误的coser 老年人也会玩儿系列","0","coser",""
"251370","小魔女DoReMi x SuperGroupies 回忆童年满满的少女心","0","魔女 少女心","童年"
"251375","神木隆之介COS哈利波特出席万圣节活动","0","哈利波特 万圣节","万圣节"
"251384","SPYAIR万圣节cos装扮 你们当中大概混进了一个假神乐","0","万圣节","万圣节"
"251729","把可口可乐穿在身上？！日本东京Laforet原宿 X 可口可乐 推出合作企画","0","可口可乐 东京","可口可乐 东京"
"251752","难兄难弟超可怜 《雷神3》新画面公开","0","《雷神3》",""
"251756","声优山本希望COS神奇女侠 “从今天起到万圣节前夜为止，想要每天都上传一张写真。”","0","神奇女侠","声优 神奇女侠 万圣节"
"191751","怀里抱女儿儿子哭了一路 网友：何洁太不容易了","0","决不妥协 何洁 离婚 婚姻 妈妈","何洁 妈妈 离婚 婚姻 赫子铭"
"191753","范冰冰首次零片酬 这是给大黑牛李晨最好的礼物","0","黑牛 李晨 片酬 范冰冰 范爷","李晨 电影 范冰冰 谢晋 百花奖"
"191754","赵丽颖哥哥身价曝光身价百亿，农村背景普通，只是为了掩人耳目！","0","嫁入豪门 赵丽颖 农村 丁子峻 娱乐圈","赵丽颖 香港 花千骨 楚乔传 范冰冰"
"191755","3000万太少赵丽颖拒签王思聪，林更新说话了，她在拍戏！","0","王思聪 林更新 赵丽颖 片子 王健林","赵丽颖 王思聪 林更新 王健林 楚乔传"
"191759","张翰如今人气连增几倍，吴京独具慧眼，劈腿也比做小鲜肉强！","0","张翰 吴京 郑爽 片酬 出道","张翰 吴京 小鲜肉 郑爽 战狼2"
"191760","黄晓明娶Baby，其实都是因为一生忘不了的她","0","baby 黄晓明 赵薇 《风声》 忘不了","黄晓明 赵薇 风声 台湾 青春"
"191393","刘芷妃酷狗新歌《留兰香》首唱会，两小时疯狂吸金","0","酷狗 新歌 伤感情歌 演唱会 火箭","张惠妹 演唱会 林俊杰 双子座 陈奕迅"
"191406","票房靠粉丝“锁场”，偶像们的路人缘就这么被脑残粉败掉","0","票房 影院 电影 偶像 粉丝","电影 战狼2 三生三世十里桃花 三生三世 海底捞"
"191412","娱乐圈最白的明星居然是她，合照杀手名不虚传","0","明星 娱乐圈 景甜 李小冉 素颜","景甜 明星 周冬雨 名不虚传 女明星"
"191413","赵丽颖的一些小细节暴露人品，戒备心？","0","走光 男嘉宾 女神 赵丽颖 坐姿","赵丽颖 裙子 女神 唐嫣 淑女"
"191427","倪妮穿“僧袍”美出女神范！未P照片胖出小肚子？","0","修图 平底鞋 卖萌 倪妮 女神","倪妮 娱乐 小清新 模特"
"191475","娱讯：易烊千玺睡衣，刘若英接吻，唐艺昕撂倒，章泽天深v装","0","刘若英 唐艺昕 章泽天 易烊千玺 孟非","唐艺昕 章泽天 刘若英 易烊千玺 吴秀波"
"191494","林更新疑重温旧爱？与王柳雯复合了？网友：赵丽颖红娘体质","0","红娘 王柳雯 赵丽颖 复合 林更新","林更新 赵丽颖 张翰 古力娜扎 郑爽"
"191495","蒋欣裤子穿反，网友：倔强如你，穿反裤子还傲娇的质疑别人","0","娘娘 我们来了 唐艺昕 蒋欣 倔强","蒋欣 唐艺昕 陈妍希 锤子 明星"
"191496","冯小刚微博发文怒斥造谣者生事，吴京发文辟谣证实！","0","辟谣 冯小刚 吴京 微博 徐峥","冯小刚 吴京 徐峥 战狼2 朋友"
"191500","著名女主持，主持能力不输董卿，二婚嫁高富帅，今因怀孕变成这样","0","怀孕 朱丹 董卿 二婚 女主","朱丹 董卿 高富帅 怀孕 熊本"
"191501","潘玮柏一个努力又不作妖的歌手，值得继续火下去！","0","潘玮柏 歌手 演唱会 吴昕 周杰伦","潘玮柏 吴昕 演唱会 我们相爱吧之爱有天意 周杰伦"
"191502","倪妮深夜晒照秀恩爱，井柏然甜喊：爱ni","0","秀恩爱 狗粮 祝福 井柏然 倪妮","倪妮 井柏然 秀恩爱 情侣 撒狗粮"
"191515","方媛女儿9月初出生？母亲抵港陪产，郭富城忙赚奶粉钱","0","方媛 郭富城 母亲 奶粉 熊黛林","郭富城 熊黛林 奶粉 娱乐 电影"
"191516","13岁被陈凯歌看中，少年成名长相清秀，如今因长太高而无戏可接？","0","《红楼梦》 梅兰芳 少年 陈凯歌 于小彤","陈凯歌 贾宝玉 红楼梦 少年 李少红"
"191622","参加综艺节目被网友不喜欢的几大明星，得不偿失","0","综艺节目 大明星 郑爽 马雅舒 江一燕","马雅舒 郑爽 许晴 综艺 沈梦辰"
"191624","长发王子文穿越《太古神王》，与盛一伦深情对望cp感十足","0","太古神王 盛一伦 长发 王子文 cp","王子文 盛一伦 太古神王 欢乐颂 微博"
"191626","王鸥遭明道妈妈催婚 潘玮柏男闺蜜考验吴昕真心话","0","明道 王鸥 唐志中 男闺蜜 潘玮柏","王鸥 潘玮柏 吴昕 陈建州 妈妈"
"191642","顶替林心如、言承旭出演热剧主演？范冰冰赵丽颖纷纷力捧自家新人","0","林心如 主演 热剧 范冰冰 言承旭","范冰冰 赵丽颖 言承旭 林心如 明星"
"191685","模仿小沈阳出道，酷似孙杨，赵本山最小徒弟，下一个爆红喜剧人？","0","小沈龙 赵本山 孙杨 出道 小沈阳","小沈阳 赵本山 孙杨 二人转 笑傲江湖"
"191740","伊能静当初为了挽留秦昊竟然做过这种事，真让人觉得可怕！","0","秦昊 伊能静 庾澄庆 扑街 渣男","伊能静 女人 渣男 妈妈是超人 结婚"
"191194","还记得疯狂英语李阳吗？曾经他被万人追捧，如今他却无人问津","0","皈依佛门 英语口语 疯狂英语 李阳 家暴","李阳 家暴 英语 释永信 微博"
"191202","袁泉《简·爱》定妆照美得像油画，角色为她量身定做！","0","油画 袁泉 《简·爱》 角色 话剧","油画 简爱 中国"
"191203","7位惨遭强吻的明星，最后一张有点儿过分了哟~","0","强吻 明星 粉丝 李玟 范冰冰","李玟 明星 范冰冰 那英 章子怡"
"191215","周星驰的御用阿婆，94岁未婚还照顾弟弟每天只用10元","0","临时演员 甘草 演员 周星驰 电影","周星驰 电影 破坏之王 喜剧之王 甘草"
"191216","她称得上巨乳鼻祖，得到周星驰赏识后消失23年今何在","0","今何在 周星驰 叶子楣 巨乳 巨蟹座","叶子楣 周星驰 巨蟹座 香港 电影"
"191217","男星挑战白发，有的惊为天人，看完最后一位我崩溃了","0","男星 马天宇 赵文卓 人鱼线 冯绍峰","马天宇 焦恩俊 冯绍峰 腊肉 小鲜肉"
"191273","看了陈冠希这些“换脸照”，以后再也不敢说是衣服丑了","0","撞脸 陈冠希 冠希 本山","陈冠希 赵本山 刘德华 心酸"
"191285","范冰冰穿大裤衩拍戏难掩好身材！果然有颜任性","0","范冰冰 范爷 李晨 妆容 瘦身","范冰冰 娱乐 电视剧 李晨 发型"
"191286","李湘摘下所有珠宝称体重，一双手都拿不下放了五次才完","0","李湘 珠宝 沈梦辰 看房 耿直","李湘 沈梦辰 卖房 首饰"
"191302","黎明是四大天王最被低估的人 至今未婚让粉丝遗憾","0","香港 郭富城 四大天王 粉丝 黎明","黎明 香港 郭富城 张学友 刘德华"
"191327","张艺谋没捧红的李纯，搭赵丽颖杨洋李易峰刷屏蹿红","0","李纯 李易峰 赵丽颖 张艺谋 杨洋","张艺谋 杨洋 李易峰 赵丽颖 电影"
"191334","《前半生》后荧屏孙俪、迪丽热巴、杨幂、靳东火拼","0","迪丽热巴 影视 靳东 杨幂 孙俪","迪丽热巴 杨幂 孙俪 靳东 我的前半生"
"191335","张靓颖刘亦菲成跨界好闺蜜，四首影视主题曲是媒介","0","影视 张靓颖 刘亦菲 主题曲 闺蜜","张靓颖 刘亦菲 闺蜜 影视 电影"
"191336","相比常曝光的关之琳，更美却淡出王祖贤更让人怀念","0","关之琳 王祖贤 娱乐圈 大美女 真人秀","王祖贤 钟楚红 张曼玉 真人秀 湖南卫视"
"191337","杨洋刘亦菲领衔潜伏影视圈的十大舞林高手","0","潜伏 刘亦菲 舞蹈 杨洋 影视","舞蹈 杨洋 刘亦菲 芭蕾舞 潜伏"
"191338","李湘学金星玩猜谜章子怡躺枪，金星曾对她口下留情","0","金星 秦海璐 娱乐圈 李湘 章子怡","李湘 秦海璐 章子怡 金星秀 快乐大本营"
"191339","《左耳》中杨洋才演男二号，今人气完胜当初男一","0","欧豪 杨洋 《左耳》 《三生三世十里桃花》 苏有朋","杨洋 左耳 欧豪 马思纯 苏有朋"
"191340","靳东新剧从贺涵变前夫哥陈俊生，金星这次会满意吗","0","新剧 陈俊生 前夫 靳东 金星","靳东 我的前半生 电视剧 我们的爱 伪装者"
"191341","吴京为灾区捐款百万 为何会反遭质疑为何不捐1亿？","0","这部电影 吴京 票房 剧组 《战狼2》","吴京 战狼2 电影 九寨沟 明星"
"191392","07快男亚军却没三四名魏晨张杰红，与何洁成男闺蜜","0","魏晨 何洁 男闺蜜 张杰 苏醒","魏晨 何洁 苏醒 张杰 十年"
"190797","《无心法师2》上线 韩东君王彦霖再续“泡澡之情”","0","《无心法师》 李兰迪 搜狐视频 无心法师 韩东君","韩东君 王彦霖 无心法师2 无心法师 王艺"
"190798","相爱10周年感性告白 何润东妻揭维系感情秘诀","0","何润东 告白 感性 亲爱的 婚后生活","何润东 情侣 长跑 爱情 结婚"
"190799","吴京该捐1个亿？暴力慈善到“善时代”有多远？","0","慈善 捐款 暴力 陈光标 吴京","慈善 吴京 马云 地震 明星"
"190800","冯小刚不解《战狼2》票房超高？回应：小人作乱！","0","战狼 《战狼2》 冯小刚 票房 吴京","冯小刚 战狼2 吴京 百搭 娱乐"
"190801","有才！泰勒-斯威夫特性骚扰案出庭金句频出","0","斯威夫特 骚扰 霉霉 泰勒·斯威夫特 律师","律师 女友 泰勒·斯威夫特 裙子"
"190803","成龙这么强大的人脉捧房祖名，儿子不争气，那也是没有办法的！","0","娱乐圈 成龙 房祖名 大哥 动作片","成龙 老大哥 国际 电影 朋友"
"190804","朱亚文又来撩妻了，俩人调情引粉丝围观，粉丝：回家让他跪搓衣板","0","粉丝 朱亚文 秀恩爱 沈佳妮 硬汉","秀恩爱 微博 男人 建军大业 小鲜肉"
"190805","冯小刚怒斥造谣博主：无事生非小人作乱，我可是包场看的战狼2","0","《战狼2》 微博 战狼2 冯小刚","战狼2 冯小刚 微博 吴京 百搭"
"190806","《极速4》范爷高空挑战被吓呆 张继科老爸跳舞萌爆","0","范冰冰 hold住姐 张继科 范爷 极速","张继科 丹麦 范冰冰 藏獒 极速前进"
"190807","李湘因爆料而上热搜，是炒作还是确有此事，你怎么看呢","0","女星 章子怡 范冰冰 《快乐大本营》 李湘","李湘 爆料 章子怡 范冰冰 快乐大本营"
"190808","张杰助理被求婚成功，张杰谢娜齐发微博祝福，绯闻不攻自破","0","祝福 微博 张杰谢娜 求婚 张杰","张杰 谢娜 微博 明星 成功"
"190809","张柏芝罕见发飙回应媒体：否认记恨王菲","0","王菲 lucas 谢霆锋 母爱 张柏芝","张柏芝 王菲 谢霆锋 香港 日本"
"191145","吴京向冯小刚致歉！曝冯导一周前就发了祝贺视频","0","冯小刚 吴京 票房 电影 《战狼2》","冯小刚 吴京 战狼2 电影 微博"
"191164","快女冠军，如今转行卖牛肉做微商，她到底经历了什么","0","快女 段林希 洪辰 快乐女生 快乐女声","黑框 微电影 二次元 芒果 朋友圈"
"191165","这对明星夫妻实力比邓超孙俪还强，却低调得像人间蒸发","0","袁泉 明星 夏雨 娱乐圈 邓超孙俪","夏雨 邓超 明星 孙俪 中戏"
"191166","潘长江女婿来头不小，身家十亿送千万豪车示爱潘阳！","0","杨云 石头 结婚 潘长江 潘阳","潘长江 幸福 郎朗 火蓝刀锋 王晶"
"191167","30岁爆红，去世后大儿子独霸遗产，小儿子却没钱读书","0","成奎安 电影 李修贤 《英雄本色》 香港","电影 香港电影 邵氏电影 入狱 黄金"
"191191","赵丽颖粉丝为保存“腿签”，2个月不洗澡还用保鲜膜包","0","粉丝 追星 赵丽颖 洗澡","赵丽颖 24小时 游泳 朋友"
"191192","吴京甄子丹同拍过战狼，一个大火，一个负债累累！","0","战狼 甄子丹 吴京 李连杰 《战狼传说》","甄子丹 吴京 战狼 战狼2 战狼传说"
"191193","他给战狼2保底8亿，想要演枪战戏被吴京一口回绝！","0","战狼2 吴京 宋歌 票房 《战狼2》","吴京 战狼2 战狼 枪战 北京文化"
"190516","明星当众露吻痕出丑 林志玲冯绍峰高调躺枪","0","冯绍峰 明星 林志玲 马伊琍 赵薇","吻痕 冯绍峰 马伊琍 林志玲 张一白"
"190517","刘亦菲孙燕姿吴尊 国人老外傻傻分不清！(图)","0","孙燕姿 吴尊 刘亦菲 歌手 演员","吴尊 孙燕姿 刘亦菲 文莱 梁静茹"
"190518","杨颖辟谣因配图引争议 网友批对赵丽颖不尊重","0","赵丽颖 辟谣 杨颖 《楚乔传》 楚乔传","赵丽颖 楚乔传 电视剧"
"190550","梁洛施车晓 盘点被“踢出”豪门的女星现状(图)","0","车晓 女星 李湘 王国 李厚霖","李湘 车晓 陈伟霆 结婚 婚姻"
"190551","众明星穿越前世照曝光 盘点一线大咖的前生今世","0","明星 大腕 盘点 小沈阳 五官","明星 小沈阳 范冰冰 梁启超 赵雅芝"
"190554","黄晓明和赵薇为什么不能成为恋人？看了《中餐厅》才知道！","0","迪士尼 黄晓明 中餐 赵薇 处女作","赵薇 黄晓明 中餐厅 暗恋 鲁豫有约"
"190778","郑爽微博小号又发文了，这一次她还要自己爆自己料，不是注销了么","0","微博 郑爽 诛仙 手游 小爽","郑爽 微博 小号 陈学冬 立夏"
"190779","蒋勤勤“女版老炮儿” 《田姐辣妹》燃爆荧屏","0","《田姐辣妹》 蒋勤勤 老炮儿 二姐 观众","蒋勤勤 老炮儿 辣妹 北京 冯小刚"
"190780","普通家庭，23岁一炮而红，与多个导演传绯闻，被太太团封杀至今","0","张静初 太太 一炮而红 章家瑞 女星","张静初 顾长卫 陆川 秦岚 孔雀"
"190781","张远苏醒再合体！有一种友情叫为你写歌","0","张远 苏醒 新歌 录制 录音棚","苏醒 音乐 十年"
"190782","陈伟霆又被粉丝玩儿坏了 帅气滑水变哪吒闹海","0","陈伟霆 粉丝 哪吒闹海","陈伟霆 滑水 微博 红色"
"190783","蒋梦婕大胆“表白”周杰伦 化身周董点唱机展歌艺","0","周董 蒋梦婕 周杰伦 化身 表白","蒋梦婕 周杰伦 表白 故事"
"190786","钢琴家李云迪现身发布会正式拉开中国巡演序幕","0","钢琴家 李云迪 爱乐乐团 肖邦 乐迷","肖邦 中国 波兰 古典音乐 音乐"
"190787","李晨前女友：出国留学，用她的才华开始洗白之路","0","前女友 张馨予 通稿 红毯 李晨","张馨予 李晨 范冰冰 微博"
"190788","周星驰和成龙电影最大的区别在于，星爷从不占女演员便宜！","0","周星驰 星爷 成龙 电影 女演员","周星驰 成龙 电影 徐克 朱茵"
"190792","林心如发文祝福好友许玮甯生日快乐，绝密私家照美艳，粉丝齐祝福","0","粉丝 祝福 生日快乐 许玮甯 林心如","林心如 生日快乐 朋友 巴厘岛 闺蜜"
"190793","霍建华送心如千万豪宅？看完终于知道为什么霍建华会板脸了！","0","豪宅 林心如 霍建华 心如 家具","霍建华 林心如 台湾 家具 玛莎拉蒂"
"190794","@何洁！都是一人带俩娃 你也可以像张柏芝一样精彩","0","张柏芝 妈妈 何洁 冲浪 超人","何洁 张柏芝 妈妈 单亲妈妈 冲浪"
"190795","黄晓明变胖原因曝光 称是被她亲手做的菜喂胖","0","黄晓明 扣肉 赵薇 张亮 中餐","梅干菜 扣肉 黄晓明 赵薇 张亮"
"190796","关之琳坚持不再拍戏：女演员到一定的年纪要停了","0","关之琳 女演员 角色 我们来了 女神","爱情 吴秀波 林青霞 电影 霍建华"
"264327","56年前，主席看了他一家的表演！今天，他变成了世界的猴哥","0","六小龄童 六龄童 《西游记》 舞台剧 父亲","西游记 小鲜肉 孙悟空 技术 社会"
"264329","奚梦瑶煲电话粥笑靥如花 外套披肩展时尚风味","0","笑靥如花 奚梦瑶 披肩 外套","外套 北京 时尚"
"264331","郑欣宜脚上打石膏敬业跑通告 躺沙发凹造型笑容可爱","0","凹造型 郑欣宜","造型 视觉中国 香港"
"264334","雷佳博士音乐会完美收官 寻根之心打造“新国风”经典","0","歌曲 雷佳 音乐 中国音乐学院 演出","音乐 中国音乐学院 民歌 民族音乐 蒲公英"
"264336","《又见红叶》武汉开机 姚笛黑衣亮相身型纤瘦抢镜","0","开机 姚笛 《等到满山红叶时》 演员 剧本","姚笛 武汉 电影"
"264339","《正义联盟》映前功课：DC拓展宇宙初露样貌，最强反派将出现","0","漫威 《正义联盟》 宇宙 反派 华纳","正义联盟 宇宙 漫威 蝙蝠侠 神奇女侠"
"264341","恋情曝光，她做了这个动作！陈意涵这是放飞自我还是真性情？","0","陈意涵 元气少女 入戏太深 《花儿与少年》 小燕子","陈意涵 元气少女 刘在石 张钧甯 女明星"
"264342","《梦想的声音2》林俊杰张靓颖天籁交辉《匆匆那年》","0","张靓颖 《匆匆那年》 林忆莲 林俊杰 李荣浩","张靓颖 林俊杰 李荣浩 匆匆那年 梦想的声音"
"264343","盘点那些年经典的古装港剧，10部全看过的，说明你已经结婚生子","0","那些年 陈浩民 盘点 港剧 结婚","洗冤录 佘诗曼 乔峰 古天乐 齐天大圣"
"264344","镜后窥视，风扇杀人…这个烧脑又悬疑的综艺比惊悚片还过瘾！","0","悬疑 综艺 烧脑 惊悚片 《恐怖童谣》","综艺 明星大侦探 玫瑰 恐怖 张若昀"
"264345","功夫小子爱赛车 释小龙玩起赛车漂移水准高","0","功夫小子 赛车 释小龙 林动 武动乾坤","功夫 杀青 武动乾坤 速度与激情 湖南卫视"
"264347","那个歧视亚裔的超模吉吉宣布不参加上海维密秀   疑似签证被拒","0","吉吉 ·哈迪德 维秘 维密秀 超模","上海 超模 签证 中国 亚洲"
"264348","娱乐圈曾经最不被看好的5对明星夫妻，如今都成了娱乐圈的典范！","0","娱乐圈 明星 应采儿 陈小春 昆凌","昆凌 陈小春 汪峰 章子怡 周杰伦"
"264349","缠斗“好声音”：透视中国电视节目“抄袭”乱象","0","唐德影视 好声音 灿星 电视节目 《棱镜》","唐德影视 中国好声音 中国 浙江卫视 裁决"
"264350","真气弥满 绝去时俗 故宫藏邓石如书法作品赏析","0","白山 楷书 邓石如 书法作品 故宫","邓石如 故宫 楷书 乾隆 荀子"
"264351","《坏爸爸》讲好中国故事","0","电影 《坏爸爸》 故事 主题曲 中国电影","电影 娱乐 明星 中国电影 亲情"
"264352","蓝洁瑛曾比范冰冰还美，一度邋遢流落街头，54岁打扮变美复出！","0","范冰冰 蓝洁瑛 打扮 五台山 李嘉欣","范冰冰 五台山 打扮 朋友 幸福"
"264353","实锤证明赛琳娜刚离开盆栽哥就投入旧爱贾斯汀比伯的怀抱","0","女演员 赛琳娜 贾斯汀比伯 贾斯丁 比伯","威肯 得克萨斯州 赛琳娜·戈麦斯 单身狗 美国"
"264354","《侗族大歌》今日上映 跨世纪爱恋狂戳泪点零差评","0","影片 电影节 《侗族大歌》 上映 王嘉","电影 贵州 电影节 爱情 韦礼安"
"264355","谢娜公布表弟减肥前后对比照，为了五万块也是拼了！","0","二十 谢娜 减肥 广告词 维密","谢娜 减肥 微博 中国"
"264356","《英雄本色》都重映了，什么时候才能等到九叔林正英？","0","周星驰 林正英 《英雄本色》 僵尸片 李小龙","林正英 李小龙 英雄本色 僵尸先生 一代宗师"
"264357","余文乐称已见过女友王棠云父母，有好事会告诉大家","0","余文乐 王棠云 女友 陈冠希 结婚","余文乐 陈冠希 女友 结婚 秦舒培"
"264358","撒贝宁主持警察集体婚礼：我主持的婚礼没一对分开","0","撒贝宁 婚礼 主持 张琳 主持风格","撒贝宁 婚礼 武汉 出彩中国人 我们的爱"
"264359","高颜值名师登《非诚勿扰》 女嘉宾：遇到对的人不容易","0","《非诚勿扰》 嘉宾 高考语文 老师 互联网教育","女生 非诚勿扰 互联网 中国 恋爱"
"264360","《王者之路》揭秘黄旭为何空降6强 吴亦实力点赞","0","嘻哈 说唱 终于等到你 潘玮柏 《王者之路》","黄旭 中国有嘻哈 潘玮柏 张震岳 新疆"
"264361","\""3A影帝\""段奕宏：不是我难搞 是创作难搞","0","段奕宏 影帝 《暴雪将至》 演员 皮夹克","杀青 国际电影节 引爆者 中戏 东京"
"264362","陈冠希在炫妻这条路根本刹不住车，发微博大赞秦舒培“高级”","0","陈冠希 秦舒培 微博 ins","秦舒培 陈冠希 男人 微博 幸福"
"264363","众“型男”玩攀石反击战","0","森美 型男 陈豪 欧阳震华 李佳芯","上海滩 张继 型男 陈维 男人"
"264364","《侗族大歌》11月17日上映 跨世纪爱恋狂戳泪点","0","《侗族大歌》 影片 观众 王嘉 上映","电影 爱情 国际电影节 故事 爱情故事"
"264365","周迅衣品到底如何？私服土成了小村姑，红毯上却照样女神","0","私服 红毯 女神 周迅 小村","周迅 私服 女神 晚礼服 打扮"
"264366","《神奇动物在哪里》续集公布片名！德普角色是核心","0","邓布利多 神奇动物在哪里 德普 角色 《神奇动物在哪里》","神奇动物在哪里 格林 J·K·罗琳 哈利·波特 英国"
"264367","与胡歌合作红不起来的5个女星，4个获过华鼎奖，1个曾入围戛纳！","0","戛纳 女星 华鼎奖 胡歌 老胡","胡歌 老胡 王力可 电视剧 王晓晨"
"264368","换个角度《战狼2》，我被中国军人深深的打动了","0","《战狼2》 国军 包工头 女友 海盗","中国 战狼2 女友"
"264369","《狂兽》暴露华语动作片困兽之态","0","吴樾 动作片 《狂兽》 华语 张晋","张晋 杀破狼 杀破狼2 时装 吴京"
"264370","最不认真的穿帮:孙红雷好像变魔术一样，她这样打电话能打通吗","0","穿帮 孙红雷 魔术 林熙蕾 蛋糕","孙红雷 自行车 故事 表白 手机"
"264371","《凤凰无双》不虚扣“古装+科幻”概念，关注资源匮乏现实命题","0","《凤凰无双》 制片人 唐季礼 丁子峻 地球","地球 小说 中国 司马光 王丽坤"
"264372","章子怡全程迷妹脸，“戏疯子”周一围演技撩人而不自知","0","周一围 章子怡 演技 演员 人面兽心","章子怡 绣春刀 电视剧 小鲜肉 公公"
"264373","泰版《命中注定我爱你》男主得绝症，女主出走，剧情改编很大！","0","改编 女友 虐心 《命中注定我爱你》 女主","命中注定我爱你 神父 幸福 女友 御姐"
"264374","娱乐圈又一对男神女神分手!三年恋情划上句号，网友:终于分手了","0","句号 女神 娱乐圈 李敏镐 演艺界","恋爱 当你沉睡时 约会 电视剧 爆料"
"264375","“锋菲恋”李亚鹏女儿满心支持？却让张柏芝儿子，机智评价！","0","李嫣 王菲 谢霆锋 张柏芝 李亚鹏","李亚鹏 张柏芝 王菲 谢霆锋 窦唯"
"264376","城市歌单丨每座城市都该有一首自己的歌，看看你的城市有没有","0","歌单 李志 叶丽仪 容中尔甲 动力火车","李志 北京 赵雷 拉萨 丽江"
"264377","重庆《火锅英雄》火爆全国 成都首部火锅主题电影邛崃开拍","0","成都 邛崃 《火锅英雄》 火锅 电影","邛崃 电影 火锅 旅游 激战"
"264378","此女子被誉为“古代马云”，资助慈禧太后，被封为“护国夫人”","0","慈禧太后 马云 古代 女子 慈禧","慈禧 那年花开月正圆 孙俪 吴堡 马云"
"264379","年少不听李宗盛 听懂已是不惑年 你好，李大叔","0","李宗盛","李宗盛 既然青春留不住"
"264380","《乡村爱情10》开机，赵四退出谢大脚成配角，刘能不能挑大梁？","0","开机 刘能 刘小光 宋晓峰 乡村爱情","乡村爱情 刘小光 电视剧 赵本山 亚洲"
"264381","猎场19预告 孟董事长想要做第二个老夏，可是被罗伊人拒绝了","0","罗伊 董事 猎场 婚姻 山谷","婚姻"
"264382","龚玥菲在街头模仿李小龙获赞，网友：很不错，很有逼格！","0","双截棍 架子 化身 龚玥 李小龙","李小龙 双截棍 打扮 日本 模特"
"264383","蒋丽莎曝和婆婆似闺蜜，李小璐被看成亲女儿，叶一茜却很尴尬","0","李小璐 叶一茜 蒋丽莎 闺蜜 昆凌","李小璐 叶一茜 昆凌 妈妈 张柏芝"
"264384","盘点十年前的娱乐圈！十年前的你又在干嘛?","0","娱乐圈 盘点 十年 飞轮海 谢霆锋","飞轮海 张柏芝 谢霆锋 李易峰 杨洋"
"264385","开车的时候教小孩跳舞？马雅舒也是够了！网友：在镜头下太装了！","0","混血儿 马雅舒 吴奇隆 协议离婚 离婚","马雅舒 吴奇隆 宝宝 婚姻 离婚"
"264386","17岁妹子易容鹿晗吴亦凡范冰冰迪丽热巴、真是难分真假人","0","范冰冰 鹿晗 仿妆 吴亦凡 迪丽热巴","吴亦凡 范冰冰 迪丽热巴 鹿晗 化妆"
"264387","谢霆锋为了厨艺更加精湛远赴意大利 厨子之路越走越远","0","厨艺 谢霆锋 锋味 《锋味》","谢霆锋 意大利 围巾 牛仔裤 中国"
"264388","11岁出道，13岁一夜成名，弃医从戏，现如今无人识","0","知青 话剧 出道 《孽债》 上戏","孽债 电视剧 上海 妈妈 张丹峰"
"264389","吴卓林30岁女友晒照，小龙女甜蜜回应，吴绮莉想求得安静和成长","0","成长 吴卓林 小龙女 女友 吴绮莉","小龙女 吴绮莉 吴卓林 女友 妈妈"
"264390","整牙之后的孙杨居然帅成王凯！看完我开始相信baby没整容了","0","王凯 baby 孙杨 弦子 整过容","孙杨 王凯 林心如 胡歌 Angelababy"
"264391","去年一部剧播放破百亿次，今年还霸屏，不爱打扮，却被赞接地气！","0","娱乐圈 《一起来看流星雨》 北影 郑爽 打扮","郑爽 打扮 一起来看流星雨 张翰 北京电影学院"
"264392","对岳云鹏相声发展的五个忠告，良言逆耳利于行！","0","演员 郭德纲 相声 岳云鹏 观众","相声 岳云鹏 郭德纲 男人 何云伟"
"264393","《爸爸去哪儿5》刘畊宏疯狂秀肌肉，惨遭杜江和应采儿接连打脸","0","爸爸去哪儿 泡芙 杜江 应采儿 刘畊宏","杜江 爸爸去哪儿 邓伦 杀青 妈妈"
"264394","安悦溪的笑容如春风，妥妥的直男女神","0","女神 安悦溪 路从今夜白 陈若轩 电视剧","安悦溪 电视剧 青春 颤抖吧阿部 镇魂街"
"264395","谢娜不在，她撑起《快本》，三夺收视第一，今34岁豪车低调出行!","0","绿叶 谢娜 《快本》 吴昕 《快乐大本营》","谢娜 吴昕 快乐大本营 追光者 张若昀"
"264396","胡可晒安吉写作业，安吉的小胖手写得一手漂亮英文！","0","婴儿肥 胡可 安吉 英语 宋仲基","宋仲基 英语 国际 幼儿园 型男"
"264397","今年杨幂、刘亦菲、朱茵都拿了国际影后：影后成了廉价大白菜？","0","杨幂 国际 刘亦菲 影后 朱茵","朱茵 大白菜 刘亦菲 杨幂 国际"
"264398","湖北首支民办高校赛艇队成为2017“中国杯”赛艇公开赛“黑马”","0","湖北 水上运动 赛艇 公开赛 高校","赛艇 湖北 水上运动 武汉 龙舟"
"264399","杨幂出席活动一个动作暴露了婚姻现状，网友：刘恺威心真大","0","赵又廷 尺度 刘恺威 杨幂 婚姻","刘恺威 杨幂 婚姻 赵又廷 王鸥"
"264400","史上洁癖最严重的六位明星，一天要刷七次牙洗三次澡！","0","田亮 明星 费翔 李冰冰 罗志祥","李冰冰 罗志祥 明星 古天乐 爆料"
"264401","李若彤微博每秒涨粉10人，本名却被占用，网友：黑子下手轻点！","0","李若彤 黑子 微博 古天乐 粉丝","李若彤 微博 古天乐 井柏然 韩红"
"264402","今天都谴责黄晓明矫情，但为保护家人贝克汉姆，姜文李亚鹏更过分","0","姜文 李亚鹏 贝克汉姆 黄晓明 维多利亚","姜文 李亚鹏 贝克汉姆 黄晓明 相机"
"264403","网友北京首都剧场偶遇唐艺昕张若昀，网友：这狗粮我不吃","0","狗粮 张若昀 唐艺昕","唐艺昕 张若昀 北京 爆料"
"264404","谢谢这些电影，让雨天都变得可爱","0","豆瓣评分 《一条狗的使命》 主演 雨天 电影","电影 一条狗的使命 刺猬 忠犬八公的故事 故事"
"264405","陈意涵新恋情疑似曝光，元气少女烟不离手人设崩塌？","0","同居 wuli 陈意涵 元气少女 人设","陈意涵 元气少女 元气 法律 爱情"
"264406","王凯要和捧红他的正午阳光第8次合作了，据说女主是辛芷蕾！","0","辛芷蕾 正午阳光 女主 东宝 王凯","王凯 辛芷蕾 孔笙 欢乐颂 电视剧"
"264407","安以轩出席活动，大长腿秀出新高度，网友：生活中的她更美","0","安以轩 长腿","安以轩 服饰 婚姻"
"264408","不同年代不同国家，五部《东方快车谋杀案》，哪部更能俘获你？","0","改编 《东方快车谋杀案》 翻拍 波洛 东方快车","东方快车谋杀案 日本 英国 小说 电视剧"
"264409","许晴男友，一本书卖亿元，欠40亿潜逃，经商之道连赵薇都自愧不如","0","男友 《传世藏书》 日本 许晴 赵薇","许晴 赵薇 季羡林 海南 日本"
"264410","真的看不过去！李小冉这么美，养条狗怎么那么像萌版孙红雷啊？","0","王丽坤 素颜照 李小冉 孙红雷 减肥","孙红雷 牛头梗 王丽坤 钟汉良 明星"
"264411","辣眼睛的“荧幕CP”，九岁就娶了媳妇，最后一对的粉丝被气炸","0","cp 粉丝 闫妮 胡歌 结婚","闫妮 结婚 胡歌 宋慧乔 宋仲基"
"264412","王琳47岁生日性感中透着美丽","0","王琳 雪姨 祝福 演员 《情满珠江》","王琳 电视剧 《情满珠江》 坏女人 面瘫"
"264413","王俊凯一身黑色西装出席某品牌活动，温文尔雅","0","王俊凯 西装 解忧杂货店 上映","王俊凯 西装 魅力 电影"
"264414","功夫之王携手特效之王打造全新《奇门遁甲》，会创武侠片新高吗？","0","武侠片 《奇门遁甲》 功夫之王 徐克 袁和平","袁和平 徐克 功夫之王 电影 武侠"
"264415","从身价上亿到身上千元，甘薇入豪门的一生可谓让人唏嘘！","0","甘薇 豪门 贾跃亭 乐视 京城四少","甘薇 贾跃亭 乐视 投资 太子妃升职记"
"264416","同样是挨着赵又廷，林允坐得好端正，杨幂的坐姿亮了！","0","坐姿 手机 赵又廷 杨幂 林允","赵又廷 杨幂 林允 朋友 白浅"
"264417","耿直小戏骨！称假哭用眼药水是侮辱！于是网友又想到了她","0","耿直 小戏骨 剧组 《红楼梦》 《白蛇传》","红楼梦 倪妮 黄梅戏 明星"
"264418","39岁刘涛大胆穿露后背衣服出席活动, 后背太黑让人不忍直视","0","礼服 尺度 刘涛","刘涛 女人 明星"
"264419","她号称女版巴菲特，捐造60所学校堪比古天乐，如今只能坐轮椅","0","邝美云 巴菲特 古天乐 学校 歌后","古天乐 香港 赵薇 王晶 陈道明"
"264420","赵丽颖代言销量大增杨幂真女王，从大数据分析明星代言谁人气虚高","0","大数据 女王 杨幂 赵丽颖 明星","杨幂 明星 赵丽颖 香奈儿 欧莱雅"
"264421","《凡人的品格》张戈花式撩蒋欣 变身行走表情包","0","蒋欣","蒋欣"
"264422","现在所有的时尚都是十几年前玩剩的！杀马特非主流会再次轮回吗？","0","时尚 王祖贤 林青霞 王菲 杀马特","时尚 王祖贤 林青霞 王菲 张敏"
"264423","韩国最会穿的女星孔孝真，欧尼最近的私服又亮了","0","私服 欧尼 女星 韩国 孔孝真","孔孝真 时尚 私服 韩国 穿搭"
"264424","《小五当官》收官 本山传媒再开民国荒诞喜剧先河","0","本山传媒 喜剧 宋晓峰 葛珊珊 德云社","德云社 故事 刘小光 杨树林 电视剧"
"264425","曾经期待王俊凯长大，现在他真的长大了，有些担心了！","0","凯哥 偶像 成长 王俊凯 长大","长大 王俊凯 十年 螃蟹 西装"
"264426","吴奇隆好耿直，说和刘诗诗一晚要做几次，但遇到李晨也甘拜下风","0","李晨 吴奇隆 耿直 刘诗诗 黑牛","吴奇隆 刘诗诗 李晨 范冰冰 康熙来了"
"264427","一个比一个辣眼睛！为什么每个古装剧里都要有一个烟熏妆的男演员","0","烟熏妆 男演员 演员 厂花 《山海经》","张若昀 陈晓 吴奇隆 张翰 娜扎"
"264428","同穿黑色连衣裙，赵丽颖小公主，baby似女王，热巴这套显老气","0","热巴 连衣裙 小公主 baby 赵丽颖","赵丽颖 迪丽热巴 热巴 青春 周冬雨"
"264429","明明是同一个演员，反差怎么这么大，造型师真是绝了","0","王凯 天山童姥 反差 演员 造型","王凯 还珠格格 玉漱 金喜善 唇色"
"264430","《你会怎么做》老人房产险被骗 16岁少年挺身而出","0","《你会怎么做》 房产 少年 骗子 房产证","你会怎么做 房产证 广东 投资 收益率"
"264431","杨幂黑色束腰裙大秀雪肤 诱人红唇美艳十足","0","红唇 大秀 周笔畅 束腰 杨幂","杨幂 周笔畅 赵又廷 闺蜜 微博"
"264432","曾被捧为一线明星，今无戏可拍的几位明星，到底谁最惨？","0","明星 温兆伦 《我本善良》 《月光宝盒》 徐怀钰","明星 一线 陈晓东 香港 小鲜肉"
"264433","“大长今”郑尚宫去世，长今李英爱、安在旭悼念，死因让人惋惜","0","李英爱 安在旭 大长今 大银幕 搞笑","大长今 电影 延世大学 银幕 蔡琳"
"264434","贵族气质完胜刘晓庆，“恶婆婆”专业户却无儿无女，身世成谜！","0","潘虹 刘晓庆 于月仙 父亲 女星","刘晓庆 金鸡奖 百花奖 崇明岛 唐山大地震"
"264435","韩国为什么成为邪教肆虐的“沃土”？","0","朝鲜半岛 韩国 基督教 邪教 朴正熙","邪教 基督教 韩国 撒旦 耶稣"
"264436","跑男哪些嘉宾最会玩？网友：杨颖和黄晓明让人脸红！","0","杨颖 黄晓明 嘉宾 跑男 贾玲","贾玲 热巴 陈赫 唐艺昕 林依晨"
"264437","汪聪户外被昆虫咬伤 带伤录制“敬业精神”获赞","0","录制 闺蜜 安徽卫视 玩具船长 小公主","闺蜜 美食 安徽卫视 火锅 SNH48"
"264438","《猎场》最近剧情让人费解，熊青春和郑秋冬的感情就这么脆弱吗？","0","《猎场》 胡歌 前男友","青春 胡歌 万茜 旅行 斗地主"
"264439","贝克汉姆拍广告满屏都是荷尔蒙！长发飘逸魅力四射","0","长发 小贝 贝克汉姆","贝克汉姆 夹克 皱纹 娱乐 魅力"
"264440","电视剧中温暖告白合集   哪一个都很动人","0","告白 电视","单身狗 爱情"
"264441","出生名门世家却十分低调，6岁登春晚，今获称喜剧“美男”称号！","0","相声 麻花 常远 春晚 喜剧","常远 春晚 相声 沈腾 张扬"
"264442","秦海璐袁泉重出江湖演青蛇白蛇，杨幂杨颖又躺枪！","0","杨幂 青蛇 秦海璐 袁泉 杨颖","秦海璐 杨幂 我的前半生 白鹿原 小鲜肉"
"264443","你以为“烂片之王”王晶拍的全是烂片？他拍的这十部电影堪称经典","0","豆瓣评分 电影 王晶 烂片之王 烂片","王晶 电影 香港 张敏 赌神"
"264444","世界上眼睛最好看的5大女星，林青霞垫底 ，最好看的是她","0","女星 费雯丽 她很漂亮 林青霞","林青霞 王祖贤 奥黛丽赫本 她很漂亮"
"264445","耍大牌，又卖惨？《喜剧总动员》郑爽频频强改剧本，真心机坐实？","0","郑爽 耍大牌 胡彦斌 剧本 喜剧","郑爽 喜剧总动员 张翰 任嘉伦 章子怡"
"264446","刚复播就飙到9.5分，这部不差钱的国产综艺太厉害了","0","鬼鬼 综艺 嘉宾 《大侦探》 撒贝宁","综艺 撒贝宁 明星大侦探 张若昀 白敬亭"
"264447","美国一选美小姐应聘清洁工:年薪66万 比选美还难","0","布鲁克林 纽约 平均工资 哥伦比亚 美国","美国 哥伦比亚 高跟鞋 平均工资"
"264448","心累!《猎场》熊青春最终还是抛弃了郑秋冬，做好弃剧准备了吗","0","渣男 《猎场》 前男友 罗伊 忘不了","青春 前任 初恋 英国 做法"
"264449","一夜风流有多贵？大概几十亿，美金吧？不信看这部电影","0","名画 《天堂电影院》 《西西里的美丽传说》 悬疑片 这部电影","女人 电影 机械师 西西里的美丽传说 爱情"
"264450","有大事发生？张惠妹凌晨删光社交网站所有内容！","0","张惠妹 台湾 小巨蛋 演唱会 专辑","张惠妹 台北 台湾 跆拳道 张雨生"
"264451","十张图直拍明星回家乡近照，哪个明星是你认为最接地气的？","0","王宝强 高圆圆 靳东 明星 李小璐贾乃亮","明星 贾乃亮 王宝强 靳东 刘强东"
"264452","TVB女神珍贵旧照曝光，赵雅芝44年前穿泳装走台步","0","女神 梁朝伟 张曼玉 赵雅芝 tvb","赵雅芝 TVB 梁朝伟 张曼玉 女神"
"264453","Jasper：我拿你当亲爸，你拿我当干儿子！","0","泡芙 小春 嗯哼 海苔 火龙果","春哥 陈小春 火龙果 水喝 食物"
"264454","180度一字马看夜景王子文 身体瘦到剩39公斤","0","雕塑 王子文 微博 陈赫 《欢乐颂》","王子文 微博 欢乐颂 陈赫 如果蜗牛有爱情"
"264455","演艺圈里与剧中人物年龄明显不符的六大角色，你印象最深是哪个？","0","演艺圈 人物 角色 林心如 王琳","林心如 王琳 刘晓庆 王丽坤 李世民"
"264456","除了正义联盟，还有这些电影不容错过!","0","正义联盟 电影 影片 王晶 《暴雪将至》","电影 追龙 正义联盟 王晶 降魔传"
"264457","俞敏洪：大学五年，一个女人都没有爱上我！星空下谈中年油腻男","0","星空 猥琐男 大学 中年男人 俞敏洪","俞敏洪 女人 流行语 猪油 冬青"
"264458","男星哭戏：霍建华深情 胡歌王俊凯哭得颜值爆表","0","霍建华 男星 王俊凯 胡歌 娱乐圈","霍建华 王俊凯 胡歌 罗晋 靳东"
"264459","脱离跑男后哪些MC事业会完蛋？杨颖、鹿晗、陈赫最怕节目组不要","0","陈赫 综艺 杨颖 跑男 鹿晗","王祖蓝 陈赫 综艺 鹿晗 电视剧"
"264460","鹿晗关晓彤之后，又一对明星恋不被看好！而他每演一部戏就换女友","0","女友 冯绍峰 关晓彤 明星 鹿晗","冯绍峰 关晓彤 赵丽颖 鹿晗 明星"
"264461","而立之年 厚积薄发 演员高健的多面人生","0","演员 人生 《放学后》 搭档 郑伊健","电视剧 电影 颖儿 余文乐 战将"
"264462","赵又廷杨幂参加活动举止太亲密，网友：刘恺威高圆圆已经在路上！","0","亲密 杨幂 赵又廷 刘恺威 高圆圆","赵又廷 杨幂 刘恺威 高圆圆 白浅"
"264463","迪丽热巴已被编入小学教材，这位00后更是登上了《时代》杂志！","0","粉丝 迪丽热巴 《时代》 王源 娱乐圈","迪丽热巴 00后 王源 小学教材 明星"
"264483","胡歌亲遍剧组女演员？这些演员为什么明明不是主角还有吻戏？","0","演员 胡歌 女演员 剧组 官配","胡歌 张一山 河野悦子 万茜 春风十里不如你"
"264487","《我的！体育老师》浙江卫视热播 王笛颠覆形象三度联袂张嘉译","0","体育 《营盘镇警事》 张嘉译 浙江卫视 王笛","浙江卫视 王晓晨 渣男 打扮 闺蜜"
"264489","贾静雯晒阿咘Bo妞甜蜜姐妹照：现在的我，一样有权利去追求幸福！","0","贾静雯 幸福 修杰楷 再婚 天使","修杰楷 妹妹 再婚 二胎 妈妈"
"264490","王源和窦靖童的专辑封面，究竟谁更随性，现在都流行这种画风吗？","0","窦靖童 王源 专辑 新歌 歌曲","王源 窦靖童 王菲 窦唯 唇腭裂"
"264491","《爸爸去哪儿》小小春Jasper摔倒后，看哭了！","0","《爸爸去哪儿》 小春 嗯哼 巴斯光年 牛奶","爸爸去哪儿 牛奶 杜江 吴尊 陈小春"
"264492","《天使之路》悬念收官引爆讨论 冠军或将于维密大秀当天揭秘","0","大秀 维密 天使 维密天使 超模","王艺 天使之路 超模 水立方 模特"
"264493","应采儿收行李的小心机暖哭！生怕老公亏待儿子，连杜江都不放过？","0","杜江 陈小春 应采儿 录制 刘畊宏","陈小春 杜江 妈妈 爸爸去哪儿 女人"
"264508","《亮剑》里的魏和尚发文吐槽《演员的诞生》，为“戏霸”喊冤！","0","《亮剑》 演员 张桐 郑昊 欧阳娜娜","欧阳娜娜 亮剑 演员的诞生 宋丹丹 辛芷蕾"
"264509","惠英红又夺影后！来回顾这位香港“打女”的传奇半生","0","香港 最佳女主角 《幸运是我》 惠英红 影后","幸运是我 金马奖 妈妈 香港 传奇"
"264511","她曾是家喻户晓熊孩子却被吐槽最丑童星! 如今她星途比你想的宽","0","王莎莎 同福客栈 《武林外传》 星途 小贝","武林外传 电视剧 闫妮 沙溢 姚晨"
"264512","娱乐圈里人缘最差的10大女星","0","艳照门 王鸥 女星 娱乐圈 陈冠希","陈冠希 王鸥 沈梦辰 张翰 古力娜扎"
"264519","怪不得嗯哼见谁都要亲，原来是因为这个","0","嗯哼 霍思燕 杜江 亲吻 撒狗粮","杜江 陈小春 撒狗粮 爸爸去哪儿 长大"
"264522","胡歌，当下娱乐圈最帅最有型的男神之一，你喜欢胡歌吗？","0","娱乐圈 主演 胡歌 首播 男演员","胡歌 电视剧 仙剑奇侠传 百花奖 男神"
"264525","台湾综艺有多穷？吴宗宪才拿6万块，难怪拒绝陈小春的“天价”","0","艺人 台湾 陈小春 综艺 吴宗宪","吴宗宪 陈小春 台湾 综艺 古惑仔"
"264576","周星驰电影中历任星女郎, 最有情有义的那个, 不是朱茵","0","星女郎 电影 星爷 周星驰 朱茵","朱茵 莫文蔚 电影 袁咏仪 张柏芝"
"264579","23岁被师兄介绍给王晶，主演6部电影不红，被称“第一晶女郎”","0","《怪谈》 王晶 主演 电影 胡然","王晶 电影 追龙 恶战 张家辉"
"264595","《功夫》里斧头帮老大，西装里隐藏玄机，被周星驰一眼看中！","0","西装 陈国坤 《功夫》 周星驰 李小龙","李小龙 陈国坤 周星驰 功夫 西装"
"264599","刘涛曝出10年前旧照，网友却被她身后的美女吸引了","0","王珂 女神 刘涛 美女 孙俪","刘涛 孙俪 女神 路人甲 那年花开月正圆"
"264667","马云在《功守道》中的替身曝光，撞脸马云最出名的是这两人","0","演员 片酬 替身 撞脸 马云","马云 电影 武术 甄子丹 李连杰"
"264693","婆婆道出章子怡真面目，好后妈形象崩塌？来自一个老人的辛酸无奈","0","童年 章子怡 汪峰 小苹果 前妻","章子怡 汪峰 小苹果 前妻 心酸"
"264703","因《红苹果乐园》红极一时，今成十八线演员，样貌大变认不出来","0","演员 《红苹果乐园》 馨子 女主 娱乐圈","苹果 大提琴 第三者 活佛济公 白雪"
"264803","爆料 | 吴亦凡为什么这么火？你以为只是因为帅吗！","0","致青春2 吴亦凡 徐静蕾 周星驰 《夏有乔木》","吴亦凡 徐静蕾 爆料 周星驰 有一个地方只有我们知道"
"264807","她们嫁伪豪门却收获爱情和子女：张雨绮大S生两娃，她躺十月怀胎","0","豪门 大s 张雨绮 王珂 徐若瑄","张雨绮 爱情 刘涛 汪小菲 婚姻"
"264871","男帅女美！张予曦和男友罕见甜蜜同框，二人深情对视幸福难挡","0","张予曦 男友 幸福 陈柏融","幸福 打扮 男朋友"
"264873","女友太奢侈吴卓林养不起？吴绮莉斥其穿戴自己的衣物！","0","小龙女 出柜 吴卓林 女友 吴绮莉","吴卓林 小龙女 吴绮莉 女友 妈妈"
"265034","王思聪带新女友逛珠宝店，买十几万首饰一点不心疼","0","女同事 王思聪 女友 珠宝 首饰","王思聪 女友 女同事 女人 女朋友"
"265036","章子怡郑爽赵丽颖Angelababy均上榜，揭秘时尚代言四大谜团","0","angelababy 时尚 章子怡 郑爽 赵丽颖","赵丽颖 章子怡 郑爽 时尚 明星"
"265040","70岁施瓦辛格为小27岁女友当“车夫” 换发型更年轻","0","施瓦辛格 女友 24孝 胸肌","女友 美国"
"265043","身价上亿的公司女老总求婚王宝强，宝强终于拨开迷雾见月明","0","宝强 求婚 马蓉 芙蓉姐姐 王宝强","王宝强 马蓉 芙蓉姐姐 结婚 离婚"
"265046","蓝洁瑛想复出再当演员，网友:我们欠你一个公道","0","蔡枫华 蓝洁瑛 演员 周慧敏 大哥","陈岚 大话西游 香港 爆料 五台山"
"265049","九十年代香港娱乐圈，两个当红童星因他无人敢碰，现在长成这样了","0","香港 郝劭文 娱乐圈 十年 释小龙","香港 电影 台湾 龙在少林 梅艳芳"
"265052","五位吃着可爱长大的女星，有个已经35岁了，热巴让人百看不腻！","0","女星 热巴 长大 林依晨 赵丽颖","长大 热巴 林依晨 赵丽颖 毛晓彤"
"265054","颜值高演技好，会武术精通5门语言，却戏红人不红，原因只有一个","0","武术 张智尧 演技 花满楼 楚留香","张智尧 楚留香 武术 楚留香新传 跆拳道"
"265243","陈意涵又换男朋友，35岁的她前任阵容可以组成多个足球队","0","陈意涵 朋友 前男友 男友 足球","陈意涵 恋爱 男朋友 前任 爱情观"
"265245","模特出身，36岁为百亿富豪4年生3子，因被家婆嫌弃至今住酒店","0","纪晓波 《剑雨》 怀孕 吴佩慈 模特","模特 剑雨 香港 王思聪 单亲妈妈"
"265248","小泡芙妈妈晒了一组照片，不小心暴露了啥，让网友再次吐槽","0","妈妈 环球小姐 应采儿 泡芙 刘畊宏","妈妈 爸爸去哪儿 裙子 卫衣 打扮"
"265254","她曾获5所大学录取通知书，演泼辣御姐红极一时，如今转型成歌手","0","胡一菲 吉林艺术学院 大学 歌手 娄艺潇","娄艺潇 御姐 沈阳音乐学院 妈妈 声乐"
"265256","宋丹丹前夫英达和三婚妻子在上热搜榜，一双儿女近照引起网友热议","0","热搜榜 英达 宋丹丹 双儿 前夫","宋丹丹 黄毅清 黄奕 董洁 婚姻"
"265259","模特被抵制，表演嘉宾被拒签，今年的维密大秀，就是一场好戏啊","0","维密 模特 大秀 维密秀 嘉宾","模特 天使之路 水果 签证 中国"
"265260","开演唱会最赚钱的几位女明星，最后一位被人骂滚出娱乐圈","0","演唱会 娱乐圈 明星 那英 天后","演唱会 那英 女明星 王菲 刀郎"
"265262","2017上海维密秀倒计时，超模秀前大合影，期待中国超模军团的表现","0","中国超模 超模 维秘 张靓颖 维密秀","超模 中国 上海 张靓颖 刘雯"
"265267","同演导师经典之作，欧阳娜娜郑爽被骂惨，他挑战刘烨却被狂赞！","0","刘烨 欧阳娜娜 郑爽 俞灏明 章子怡","俞灏明 欧阳娜娜 郑爽 刘烨 章子怡"
"265271","张若昀和唐艺昕为什么这么甜？看完这个之后就懂了","0","七年之痒 甜蜜蜜 唐艺昕 张若昀 公开的秘密","唐艺昕 张若昀 爱情 甜蜜暴击 恋爱"
"265273","恋上老师成功共枕眠的七大明星，黄磊真是老狐狸！李双江好福气！","0","梦鸽 大明星 李双江 狐狸 黄磊","黄磊 李小龙 洪金宝 佟大为 李宗盛"
"265275","一直走清纯路线的郭碧婷，性感起来真是不得了！真是让人流鼻血！","0","郭碧婷 益达 大s 小s 艺人","郭碧婷 小S 华丽转身 女明星 裙子"
"265336","杨幂郑爽同台被碾压,同样都是168cm的身高,气场差太多","0","郑爽 杨幂 时装 女王","杨幂 郑爽 长裙 服装搭配"
"265340","南笙张辛苑都败在芒果台的照妖镜下，这个新晋网红居然逃过一劫！","0","照妖镜 南笙 芒果台 张辛苑 彭于晏","彭于晏 芒果 女神 微博 天天向上"
"265344","某网友脑洞大开，把众明星p成网红脸，粉丝表示热巴需要p图吗？","0","红脸 明星 热巴 粉丝 小岳岳","明星 热巴 刘涛 唐嫣 迪丽热巴"
"265347","港星再爆内地演员耍大牌：拍一个镜头就走，其余让导演找替身！","0","演员 替身 tvb 马国明 耍大牌","马国明 TVB 香港 明星 小鲜肉"
"265371","21年整容60次，她终于从丑八怪变成韩剧女主角","0","女主 五官 《康熙来了》 台湾 韩剧","削骨 韩剧 流食 康熙来了 成功"
"265373","徐峥一家人近照，妻子漂亮迷人，女儿竟然长这样","0","徐峥","徐峥"
"265382","在中国红的发紫，却不是中国人的8位明星，你可知道她竟是日本人","0","张铁林 日本 发紫 明星 加拿大","明星 张铁林 陈凯歌 许晴 巩俐"
"265386","童星年仅十岁拍50多部戏，他凌晨起床拍戏，他已经累倒离开人世","0","春晚 明星 童年 邓鸣贺 方琼","春晚 明星 童年 张一山 杨紫"
"265393","娱乐圈这五位明星连孩子都长大了，却“不知道”孩子生父是谁？","0","明星 娱乐圈 关淑怡 长大 毛阿敏","洪欣 毛阿敏 明星 长大 杨思琦"
"265490","最尴尬的穿帮镜头，彭于晏露了啥，出柜的证据不是明摆着","0","穿帮镜头 彭于晏 出柜 证据 晴川","彭于晏 直男 吴京 关晓彤 薛之谦"
"265494","万茜沉寂15年，和胡歌搭戏，网友吐槽亲一口就火了！","0","胡歌 陈坤 《猎场》 妮妮 万茜","万茜 胡歌 青春 陈坤 军中乐园"
"265498","《还珠》九美颜值榜，赵薇第5，林心如第2，第一美的让人窒息","0","《还珠格格》 美的 林心如 赵薇 《还珠》","还珠格格 林心如 赵薇 范冰冰 小李飞刀"
"265499","出道20年今成视帝，却被前妻抛弃，演技无可挑剔，收获完美爱情","0","出道 王海燕 张嘉译 演技 前妻","前妻 蜗居 宋思明 爱情 婚姻"
"265528","吴昕在湖南卫视终于扬眉吐气，大展口才，连何炅都插不上话了","0","吴昕 卫视 何炅 胡歌 快乐大本营","吴昕 何炅 湖南卫视 胡歌 电视剧"
"265573","古装剧中五大雷人剧情,孙俪就占两条,其他三条是武侠剧必备桥段","0","孙俪 武侠剧 雷人 宫斗剧 《甄嬛传》","孙俪 面纱 甄嬛传 金庸 闺蜜"
"265577","童星出道的97后女明星有4个？比关晓彤漂亮？","0","关晓彤 明星 出道 主演 哪咤","蒋依依 哪咤 关晓彤 宋祖儿 湖南卫视"
"265579","明星走进人民大会堂，被佟丽娅和胡歌惊艳到了！","0","明星 佟丽娅 胡歌 证件照 戏骨","佟丽娅 胡歌 明星 黄渤 老胡"
"265582","冉莹颖未修图曝光双下巴明显 要说路透照还是高圆圆刘亦菲耐看","0","冉莹颖 刘亦菲 高圆圆 修图 下巴","高圆圆 刘亦菲 伊能静 女明星 婚礼"
"265583","颜值很高 情商却低到让人尴尬的6大明星","0","王迅 大明星 周冬雨 邓紫棋 郑爽","周冬雨 邓紫棋 黄子韬 王迅 张馨予"
"265585","60岁潘长江女儿近照曝光，女婿身家十亿更是来头不小！","0","《欢乐喜剧人》 潘长江 潘阳 杨云 解放军艺术学院","潘长江 火蓝刀锋 欢乐喜剧人 法拉利 孙子"
"265591","娱乐圈里自毁前途的四大明星，现在已经淡出娱乐圈，网友为其惋惜","0","周星驰 娱乐圈 大明星 明星 张馨予","明星 黄奕 张馨予 女明星 周星驰"
"265623","公开宣布退出娱乐圈的6位明星，有些真退出了，可这几位却被打脸","0","娱乐圈 明星 文娱 任泉 钟楚红","钟楚红 明星 陈羽凡 时辰 刘涛"
"265625","10大荧幕童年阴影，容嬷嬷只能排第四，前三位无争议","0","容嬷嬷 童年 安嘉和 李香琴 冯远征","容嬷嬷 王琳 黄秋生 陈佩斯 坏女人"
"265636","毕老师捧红的四大草根歌手，都是穷苦出身，只有她成千夫所指","0","歌手 《星光大道》 徐桂花 观众 王二妮","星光大道 李玉 阿宝 公主岭 外出"
"265648","樊少皇升级为“奶爸”, 发文庆祝自己女儿出生!","0","结婚 女汉子 樊少皇 贾晓晨 终于等到你","宝宝 结婚 香港 成功 幸福"
"265652","格蕾丝•凯莉告诉你摩纳哥王室有多“壕无人性”","0","格蕾丝 摩纳哥 丝巾 婚纱 珠宝","摩纳哥 米高梅公司 戒指 英镑 梵克雅宝"
"265655","热巴赵丽颖杨幂 当红女星离开了修图还是女神吗","0","杨幂 赵丽颖 女星 女神 修图","杨幂 赵丽颖 女神 刘亦菲 热巴"
"265658","杨幂吕佳容袁姗姗江疏影 她们如何大玩“下衣失踪”","0","失踪 吕佳容 杨幂 江疏影 袁姗姗","袁姗姗 江疏影 杨幂 造型 时尚"
"265660","韩国人气很高的中国明星有哪些？","0","明星 韩国 张艺谋 观众 刘德华","韩国 张艺谋 王祖贤 中国 周润发"
"265668","明星拍戏吃的，有时是精致的道具，但这两位女星吃的很有感染力！","0","女星 感染力 明星 《杉杉来了》 赵丽颖","明星 杉杉来了 赵丽颖 叫花鸡 琼瑶"
"265704","毒舌金星“变性手术”后遗症，如今脸部凹面可见，越来越男人了","0","舞蹈 现代舞 解放军艺术学院 《金星秀》 金星","舞蹈 现代舞 男人 金星秀 领养"
"265712","长的一脸大叔样，因《蜗居》翻身，二婚娶圈内老婆女儿颜值高","0","《蜗居》 二婚 张嘉译 脸大 王海燕","蜗居 婚姻 宋思明 张译 使命"
"265766","这个女团，2年解散，成员感情却比S.H.E更深","0","s.h.e 女团 黄小柔 专辑 杨丞琳","杨丞琳 S.H.E 女生 音乐 台湾"
"265767","留胡子最帅的男星， 马天宇最搞笑， 最后一位跑了10年龙套！","0","马天宇 男星 龙套 搞笑 《集结号》","马天宇 电影 百花奖 张涵予 金马奖"
"265789","原来我们都被电视剧骗了，没想到这些明星是真夫妻！","0","明星 电视剧 徐洪浩 《妈妈像花儿一样》 赵奎娥","刘晓洁 明星 电视剧 陈宝国 陶虹"
"265794","张大大终于做了一件对的事！在快本怼大言不惭的张雪峰，被狂赞！","0","张馨予 神犬 上海戏剧学院 张大大 快本","张馨予 上海戏剧学院 谢娜 湖南卫视 杨幂"
"265798","林心如私底下长这样 网友：霍建华怎么想的 要娶她","0","国民男神 法令纹 紫薇 霍建华 林心如","林心如 霍建华 法令纹 暗沉 除皱"
"265800","陈冠希之后：阿娇的历任男朋友中还有余文乐？","0","朋友 权宁一 方力申 陈冠希 余文乐","陈冠希 余文乐 男朋友 富二代 一吻定情"
"265812","豆瓣女神现状！除了当贵妇的，就是活在ps中的！","0","张辛苑 南笙 贵妇 豆瓣 女神","女神 黄灿灿 眉毛 樱花 朋友"
"265816","她是受网络霸凌最严重的女星，曾与杨幂赵丽颖齐名背景强大","0","杨幂 乔任梁 赵丽颖 女星 徐璐","徐璐 乔任梁 明星 赵丽颖 杨幂"
"265856","为啥她俩不是塑料姐妹 娱乐圈的姐妹只是炒作吗？","0","谢娜 金角大王 祝福 娱乐圈 撞衫","谢娜 唐艺昕 陈学冬 蒋欣 杨紫"
"265858","火山小视频走出10岁少年，身怀绝技连央视都要点赞","0","吉他 《我要上春晚》 李玉刚 董卿 少年","春晚 张凯丽 李玉 董卿 老炮儿"
"265860","五月天演唱会观众甩红色内衣上台，阿信机智笑爆全场","0","演唱会 观众 阿信 五月天 红色","五月天 阿信 演唱会 玛莎 红色"
"265881","成都门卫撞脸马云，你见过下面这些民众撞脸明星的吗？","0","明星脸 撞脸 马云 明星 电影","马云 举重 明星 电影 刘青云"
"265981","陈翔李菲儿这期节目信息量太大了，原来被孙骁骁坑的闺蜜是她！","0","陈翔 孙骁骁 闺蜜 李菲儿 阚清子","陈翔 李菲儿 孙骁骁 阚清子 毛晓彤"
"265987","刘亦菲素颜惊呆路人 网友：神仙姐姐不是白叫的","0","刘亦菲 姐姐 素颜 天仙","刘亦菲 电视剧"
"266027","这3个男人：娱乐圈没人不喜欢他们 范冰冰李冰冰对他们超级热情","0","千玺 娱乐圈 李冰冰 范冰冰 易烊千玺","王源 易烊千玺 李冰冰 范冰冰 王俊凯"
"266094","郭晶晶儿子近照一看，网友：霍震霆咋想，看到孙子就像看到自己爹","0","霍震霆 郭晶晶 霍中曦 呆萌 娱乐圈","孙子 明星 幸福 妈妈"
"266098","17岁唱歌出道还曾得金马奖，获多国元首接见，66岁独生子去世","0","出道 金马奖 独生子 台湾 唱歌","金马奖 电视剧 心酸 台北 台湾"
"266101","齐秦小24岁老婆孙丽雅近照曝光，原来齐秦每天面对的是这样的女人","0","齐秦 王祖贤 歌曲 陈琳 窦唯","王祖贤 女人 窦唯 韩磊 韩红"
"266103","歌星中最尴尬的几场演唱会，其中一场请了14个保安却只有7个观众","0","演唱会 王菲 周华健 王思聪 观众","演唱会 黄子韬 王思聪 王菲 周华健"
"266105","超模奚梦瑶维密走秀意外摔倒，曾经的她节目之中说摔倒会退休","0","超模 走秀 奚梦瑶 维密 意外","超模 模特 2012 秀场 孙菲菲"
"266154","曾是内部明星，被骗去演《渴望》红到发紫，嫁气质演员被宠上天","0","发紫 明星 黄梅莹 《渴望》 演员","明星 上海 张凯丽 董洁 陈坤"
"266159","一生只演一个经典角色，因太过挑剔剧本而被封杀，网友为其惋惜","0","被封杀 游本昌 剧本 济公 角色","小鲜肉 春晚 明星 电视剧"
"266172","泰国丑小伙赴韩国整容变美男，连亲妈都认不出他了","0","首播 泰国 韩国 妈妈","妈妈 韩国 泰国 真人秀 是真的吗"
"266182","因太丑跑10年龙套 落魄时被女友抛弃 出名后开400万跑车娶经纪人","0","跑车 女友 龙套 经纪人 张译","张译 电视剧 女友 鸡毛飞上天 靳东"
"266237","50岁农民长得像“光头强”，自嘲因此没能娶到老婆","0","相依为命 光头强 农民 剃光头 星探","安全帽 领养 眉毛 黄色 单身"
"266247","“新闻夜班”主持人徐谨去世，死因成谜千人送别，周涛惋惜悼念！","0","观众 朱军 白岩松 周涛 主持人","南宁 美食 朋友"
"266252","她做慈善比古天乐更舍得，却因为黑粉带节奏被骂无气度","0","娱乐圈 李荣浩 慈善 韩红 古天乐","韩红 古天乐 慈善 孤儿 李荣浩"
"266255","大表姐刘雯也有被抢镜的一天，成龙大哥也有要抢镜的时候！","0","刘雯 维密 郑凯 成龙 大哥","刘雯 郑凯 徐峥 景甜 陈赫"
"266256","女明星魅惑眼神top18，谁能一眼就勾走你的心？","0","眼神 明星 完颜洪烈 李绮红 白飞飞","女明星 何晴 钟楚红 郭襄 周海媚"
"266293","出道33年零绯闻李宗盛捧他 妻子容颜苍老依旧不离不弃","0","周华健 李宗盛 四大天王 童安格 出道","周华健 李宗盛 王杰 00后 80后"
"266296","同是网红不同命！她成阔太更高级，她却落魄到小城走穴捞金","0","章泽天 芙蓉姐姐 奶茶 捞金 凤姐","章泽天 芙蓉姐姐 黄灿灿 奶茶 女神"
"266298","女神晒照也撞衫，18岁的袁泉和17岁的马伊琍，谁更美？","0","马伊琍 撞衫 女神 闺蜜 袁泉","马伊琍 闺蜜 女神 胶原蛋白 我的前半生"
"266329","19岁接替杨紫而走红，却被男友在地下车库暴打，如今过成这样","0","杨紫 男友 宁丹琳 夏雪 《家有儿女》","宁丹琳 杨紫 家有儿女 张一山 争执"
"266347","旭日阳刚最感谢的人是汪峰，汪峰却说：他们才华不出众我被利用了","0","旭日阳刚 汪峰 刘刚 王旭 春晚","汪峰 春晚 春天里 朋友 音乐"
"266352","Angelababy居然和陈伟霆谈过恋爱？还是初恋？","0","angelababy 阿sa 初恋 陈伟霆 郑中基","陈伟霆 Angelababy 恋爱 初恋 婚姻"
"266356","同是武打巨星，洪金宝带孙子晚年享福，而成龙却过成这样","0","房祖名 洪天照 成龙 洪金宝 巨星","洪金宝 成龙 巨星 孙子 电影"
"266359","昨晚的维密秀打了谁的脸？谁又是最大赢家？","0","赢家 维密秀 明星 维密 韩雪","明星 韩雪 蔡依林 张靓颖 上海"
"266380","曾经家喻户晓的付笛生夫妇，52岁却惨成这样，出场费仅仅8000元","0","《知心爱人》 婚礼 娱乐圈 淹没","婚礼 音乐"
"266394","【动态图GIF】超搞笑的小猫咪","0","超搞笑","超搞笑 猫咪"
"266396","袁姗姗晒维密秀红毯精修美图 网友回复了一张原图","0","袁姗姗 红毯 维密秀 明星 维多利亚的秘密","袁姗姗 明星 维多利亚的秘密 打扮 上海"
"266408","景甜李小璐王源戴有色眼镜自拍 嘟嘴卖萌超可爱","0","卖萌 王源 李小璐","景甜 王源 李小璐 青春旅社 微博"
"266411","同在片场吃饭，终于明白为何刘德华会红这么久，没对比就没有伤害","0","刘德华 保姆车 胡歌 赵丽颖 盒饭","刘德华 胡歌 吴京 赵丽颖 保姆"
"266415","维密槽点满满！王思聪迟到认错人，PGOne带保温杯看秀","0","维密 王思聪 维密秀 张靓颖 奚梦瑶","王思聪 张靓颖 吴建豪 章泽天 蕾哈娜"
"266418","“花少团”重聚！李菲儿晒与刘涛郑佩佩亲密自拍","0","刘涛 郑佩佩 亲爱的 李菲儿 亲密","李菲儿 刘涛 阚清子 陈翔 亲爱的客栈"
"266421","王力宏首次回应同性恋传闻，承认受到影响：连家人都误会我！","0","音乐人 王力宏 同性恋 方超 粉丝","王力宏 同性恋 音乐 反击 结婚"
"266422","维密后台表姐刘雯行色匆匆，透视上装性感十足超吸睛~","0","维密 刘雯 大表姐 透视装 私服","刘雯 私服 时髦 上海"
"266501","陈都灵与音乐才子刘宪华宣布要谈恋爱","0","弦子 李茂 音乐 刘宪华 陈都灵","陈都灵 李茂 颖儿 小提琴 加拿大"
"266503","维密秀|长腿天使的进击之路, 盘点今年秀场最美天使TOP10!","0","长腿 秀场 天使 维密秀 盘点","何穗 超模 刘雯 模特 维多利亚的秘密"
"266505","36岁范冰冰和61岁刘晓庆同台比美，网友：小25岁输的尴尬","0","刘晓庆 范冰冰 王晓玉 豪宅 婚嫁","刘晓庆 范冰冰 保养 结婚 武则天"
"266524","影视中风头盖过周润发的只有这四人，“许仙”叶童入榜","0","万梓良 周润发 影视 许仙 叶童","周润发 梅艳芳 许仙 英雄本色 吴宇森"
"266526","同为影后同为谋女郎，周冬雨与章子怡的差距在哪里？","0","影后 章子怡 谋女郎 周冬雨 最佳女主角","周冬雨 章子怡 金马奖 张艺谋 国际"
"266528","娱乐圈最有少女感女星：郑爽仅排第三，第一竟然是最近大火的她？","0","娱乐圈 郑爽 唐艺昕 杨幂 女星","唐艺昕 郑爽 杨幂 赵丽颖 胶原蛋白"
"266530","维密天使是怎样炼成的？肤白貌美的她们人生是不是比我们容易呢？","0","维密天使 何穗 维密 美的 维密秀","何穗 模特 中国 雎晓雯 刘雯"
"266583","乔布斯曾是维密的真爱粉？14条不为人知的维密秘密，你都知道吗？","0","秘密 乔布斯 维密 真爱 维秘","乔布斯 秘密 维多利亚的秘密 康涅狄格州 中尉"
"266585","67岁斯琴高娃坐轮椅见影迷 旁人开道气场强","0","斯琴高娃 开机 题材 中国电影","斯琴高娃 海南 爱情 中国电影 电影"
"266587","小贝录节目送贴面吻 调整领带时戒指纹身抢镜","0","戒指 贝克汉姆 小七 丸子头 小贝","戒指 ·贝克汉姆 BBC 丸子 视觉中国"
"266589","全世界最帅的男人，完美气质秒杀小鲜肉","0","杰森斯坦森 小李 霸屏男神 好莱坞 完美","小鲜肉 男神 男人 好莱坞 莱昂纳多"
"266660","周杰伦的病能活多久？周杰伦脊椎炎有多严重？还以为他是在装酷吗","0","周杰伦 易小星 杰伦 演唱会 刘畊宏","周杰伦 男人 心酸 演唱会 合肥"
"266665","你以为小鲜肉只有颜值？让他们来证明为什么他们能红这么久！","0","吴磊 张逸杰 电影吧 张子枫 一起长大","吴磊 小鲜肉 电视剧 长大 电影"
"266669","她十年前凭一角色火遍全国，韩寒找她拍戏卖6亿，33岁活成这样","0","韩寒 角色 白百何 王珞丹 十年","韩寒 白百何 奋斗 电影 窦骁"
"266686","81岁谢贤节目中发飙怒踢7岁素人小孩","0","张双利 刘畊宏 娱乐圈 谢贤 小男孩","小男孩 张双利 朋友 谢霆锋 爸爸去哪儿"
"266692","陈道明叫板拖欠片酬自选最霸气手段：我就一直演到他不好意思！","0","片酬 陈道明 演员 制片人 杨澜","陈道明 白鹿原 人民的名义 结婚 做法"
"266715","干露露被曝有恋情并怀孕 发文称两人只是朋友","0","怀孕 朋友 恨嫁 露露 干露露","朋友 男人 车模 怀孕 征婚"
"266748","成毅拍摄杂志大片 暖萌质感魅力十足","0","成毅 大片 时装 诛仙 拉布拉多","青云志 电影 萌宠 穿搭 真人秀"
"266777","最有国际范超女：李宇春闯戛纳和时装周，张靓颖闯格莱美和维密秀","0","李宇春 张靓颖 维密秀 格莱美 戛纳","李宇春 张靓颖 国际 音乐 湖南卫视"
"266780","黄晓明借钱投资成富豪，杜海涛低调创业身家过亿，最惨的还是郑爽","0","黄晓明 投资 杜海涛 郑爽 创业","黄晓明 投资 郑爽 薛之谦 赵薇"
"266781","2017年度模特福布斯榜单出炉，大表姐刘雯是唯一入榜亚洲人","0","刘雯 福布斯 模特 亚洲 超模","刘雯 卡戴珊 模特 超模 亚洲"
"266782","李思思朱广权杨锐央视主持人冬季穿衣谁最“潮”","0","李思思 央视主持人 陈滢 综艺频道","中央电视台 CCTV 外语 综艺"
"266793","网友喊话周冬雨 我们找到你孪生妹妹啦","0","周冬雨 水瓶座 化妆","周冬雨 妹妹 水瓶座 河北 化妆"
"266820","王嘉尔、陈翔、刘维组成新男团？刘维实力拖后腿！","0","男团 刘维 陈翔 王嘉尔 综艺","刘维 陈翔 王嘉尔 综艺 心酸"
"266823","陈小春应采儿童年照曝光 网友感叹小春哥基因强大","0","应采儿 陈小春 童年","春哥 陈小春 儿童 长大 美女"
"266843","他们因一部电视剧结缘，剧中没有成亲，如今成为人人羡慕的夫妻","0","徐峥 陶虹 电视剧 《人在囧途》 《春光灿烂猪八戒》","徐峥 陶虹 电视剧 电影 朋友"
"266911","醒醒离开了章子怡暴露女汉子属性，陈赫女儿还真的时刻都是小公主","0","陈赫 醒醒 章子怡 女汉子 小公主","陈赫 章子怡 淑女 微博 发夹"
"266913","51岁温碧霞美艳照人 吊带深V红裙大秀裸背","0","温碧霞",""
"266924","狂野奔放的张靓颖秒变可爱少女，爆炸头一夜变直发依旧好看!","0","爆炸头 直发 维密秀 维多利亚的秘密 张靓颖","张靓颖 造型 少女 上海机场 亚洲"
"267030","娱乐圈内刘诗诗只有跟她合影时才略显尴尬，你同意吗","0","韩雪 陈妍希 绿叶 刘诗诗 娱乐圈","刘诗诗 韩雪 陈妍希 邓家佳 杨幂"
"267032","谢贤上节目踢7岁小孩却获网友称赞：没打两巴掌就不错了","0","谢贤 张柏芝 谢霆锋 天伦 王菲","张柏芝 谢霆锋 王菲 真人秀 心酸"
"267034","42岁林志玲现身机场腿缝太宽辣的眼睛疼，三角区让人看的好尴尬","0","林志玲 言承旭 女神 志玲 少女时代","林志玲 言承旭 牛仔裤 爱情 女神"
"267036","人帅演技赞却不红，娶大15岁老婆似母子，恩爱13年至今无子成遗憾","0","演员 张国立 结婚 演技 吴琼","吴琼 婚姻 结婚 康熙微服私访记 北漂"
"267125","离婚后再获幸福的三位女星，她的老公优秀到曾迷倒章子怡","0","女星 张雨绮 周一围 朱丹 章子怡","张雨绮 朱丹 幸福 章子怡 钟丽缇"
"267131","她20岁获金马奖影后嫁万梓良星爷做伴郎，如今59岁单身风采依旧","0","万梓良 星爷 影后 伴郎 金马奖","金马奖 周星驰 单身 爱情 婚姻"
"267133","岳云鹏成名后3年不愿回老家，郭德纲在镜头下问出真因，听完心酸","0","喜剧 师父 郭德纲 岳云鹏 春晚","岳云鹏 郭德纲 心酸 朋友 煎饼侠"
"267171","何炅牵手孕妇谢娜比张杰更配，却无缘相爱，这些明星很配也没相爱","0","何炅 张杰 谢娜 牵手 明星","何炅 谢娜 张杰 李若彤 贾宝玉"
"267195","娱乐圈女明星的纹身 杨颖纹下腹赵丽颖纹后背 而热巴纹到敏感位","0","热巴 娱乐圈 杨颖 赵丽颖 明星","赵丽颖 女明星 热巴 小仙女 张柏芝"
"267199","王晶藐视“网黑”：我决不妥协","0","决不妥协 影片 王晶 电影 票房","降魔传 王晶 电影 追龙 郑恺"
"267270","吴昕潘玮柏香港甜蜜合体，李易峰霸气回应8字引欢呼","0","吴昕 李易峰 潘玮柏 香港 cp","吴昕 李易峰 潘玮柏 香港 我们相爱吧"
"267275","维密秀后张靓颖素颜出行，看这些明星卸妆后差距有多大","0","维密秀 明星 张靓颖 素颜 素颜照","张靓颖 明星 梅婷 蒋勤勤 郭碧婷"
"267279","小岳岳晒肚兜照片真空上阵，局部肥肉堆集，网友泪奔：求放过！","0","小岳岳 肚兜 求放过 岳云鹏 维密秀","岳云鹏 德云社 濮阳 相声 河南"
"267281","纯娃娃音的她,是众多人心中的偶像,有喜欢的人却遭对方狠拒","0","偶像 娃娃 林志玲 娱乐圈 黄渤","林志玲 黄渤 模特 单身 爱妻"
"267310","娱乐圈常青树吸粉三十年，对亲姐不闻不问，内中到底谁对谁错","0","娱乐圈 十年 刘德华 姐姐 粉丝","刘德华 周杰伦 电影 成功"
"267314","TVB女神嫁给初恋富二代，穿街过巷拍摄婚纱照，十分接地气","0","女神 婚纱照 tvb 李若彤 初恋","TVB 女神 富二代 李若彤 初恋"
"267318","她们是娱乐圈最清纯的4大女明星，孙俪排第五","0","娱乐圈 孙俪 明星 俞飞鸿 韩雪","孙俪 俞飞鸿 韩雪 女明星 邓超"
"267377","明星的老家都是什么样？王宝强盖的大院，赵丽颖老家你不敢相信","0","明星 大衣哥 岳云鹏 赵丽颖 王宝强","王宝强 明星 赵丽颖 岳云鹏 朱之文"
"267381","13位“女名人”年轻时的老照片，你可能从未见过如此美的她们！","0","美的 大美女 陈秀珠 苑琼丹 郑佩佩","倪萍 宋丹丹 林青霞 刘晓庆 赵雅芝"
"267383","网红版杨洋，权志龙，周冬雨，你觉得谁的相似度最高！","0","周冬雨 杨洋 仿妆 盘点 权志龙","周冬雨 权志龙 杨洋 发型 明星"
"267384","毛晓彤微博说道分手真相，网友：如爱着对方就请深爱！","0","毛晓彤 微博 陈翔 晓彤 亲爱的","毛晓彤 陈翔 微博 亲爱的客栈 感恩节"
"267385","央视镜头真是照妖镜, 还认得出来这些明星吗? 赵薇成买菜大妈","0","照妖镜 明星 赵薇 胡歌 董卿","赵薇 董卿 胡歌 佟丽娅 明星"
"267428","被称为不老男神的他们遇到62岁的他，全都输了","0","费玉清 出道 岁月 钟汉良 王力宏","男神 费玉清 刘恺威 吴奇隆 钟汉良"
"267440","维密超模后台私密照曝光超级美！你确定不看？","0","后台 超模 维密 奚梦瑶 何穗","超模 何穗 雎晓雯 王艺 中国"
"267443","刘晓庆与75岁丈夫王晓玉近照曝光，网友：一张假脸找了个爸爸","0","王牌对王牌 父女 王晓玉 刘晓庆 婚姻","刘晓庆 女人 保养 婚姻 皱纹"
"267448","组合成军8年后 这位女爱豆落泪发声：我也想走到最后","0","爱豆 粉丝 歌曲 出道 fall","韩国 GBA 心酸 妹妹"
"267458","出道27年，演过500多部作品，54岁因癌症去世，低调无人知","0","樊志起 癌症 出道 尤小刚 姜维","尤小刚 电视剧 王允 沙溢 陈道明"
"267479","她被张艺谋带出道还和杨颖粉丝撕过逼，如今跑去日本","0","杨颖 粉丝 日本 霓漫天 张艺谋","张艺谋 花千骨 Angelababy 微博 如懿传"
"267484","动不动就下跪的明星，两位跪韩国人被骂惨，刘德华这一跪有情有义","0","明星 刘德华 韩国 李响 杜海涛","刘德华 明星 汪涵 权志龙 天天向上"
"267488","金庸对演员最满意的是周星驰，之后便是刘亦菲了，钦点小龙女","0","刘亦菲 演员 金庸 周星驰 小龙女","金庸 刘亦菲 小龙女 周星驰 神雕侠侣"
"267561","比范冰冰美，却嫁了丑男，如今活成18线，女儿的长相出乎意料！","0","范冰冰 杨雪 王珞丹 佟大为 五官","范冰冰 佟大为 小鱼儿与花无缺 表白 大众"
"267563","作为胡歌的前前任，39岁的她穿成这样真的好美！","0","上戏 复合 胡歌 薛佳凝 穿成","胡歌 穿成 前任 女友 黑龙江"
"267800","当年迷人“玉兔精“近照爆出，重回娱乐圈为混血儿子铺路","0","混血儿 娱乐圈 李玲玉 天竺少女 第一任丈夫","婚姻 离婚 第一任丈夫 西游记 移民"
"267805","凤凰传奇全家照, 孩子既帅气又可爱, 感情胜情侣却难成夫妻!","0","曾毅 刀郎 玲花 凤凰传奇 何沐阳","凤凰传奇 刀郎 星光大道 结婚 情侣"
"267810","胡歌终于把她带红，新国民妹妹要来了？","0","口碑 《猎场》 胡歌 女主 观众","胡歌 妹妹 江疏影 何以笙箫默 刘涛"
"267811","斯琴高娃坐轮椅出席活动，68岁的老戏骨才是真正的演员","0","戏骨 演员 斯琴高娃 康健","斯琴高娃 沙溢 心酸"
"267842","应采儿性感穿衣出席活动，当众摸小鲜肉大腿，山鸡哥怕是要炸了","0","应采儿","小鲜肉"
"267845","幕后也精彩！原来制作人崔迪做了这么多好音乐","0","张靓颖 音乐 作曲 音乐人 制作人","音乐 张靓颖 韩庚 音乐大师课 尚雯婕"
"267848","刘涛曾爱他2年，如今刘涛身价38亿，他却沦落到工地上搬砖维生","0","刘涛 王珂 李玮 结婚 贤妻","刘涛 结婚 抑郁症 一线 电视剧"
"267850","陈冠希纽约大学演讲火了，只因他的这一番言论，网友直呼三观正！","0","纽约大学 犯错 程英 娱乐圈 陈冠希","陈冠希 中国 男人 香港 加拿大"
"267866","胡哥承认隐瞒了八年的秘密？到最后还是爱她","0","秘密 胡歌 唐嫣 表白 女星","胡歌 唐嫣 轩辕剑 表白 秘密"
"267869","胡歌所有的古装戏都是有头发的，看了他的光头照你就知道为什么","0","入戏 逃生 光头 胡歌 造型","胡歌 造型 微博 男人 少年"
"267872","   娱乐圈里的女星整容的终极目标竟然都是朝着她去的！","0","蔡明 女星 娱乐圈 孙菲菲 萧蔷","蔡明 柳岩 孙菲菲 胡静 杨幂"
"267904","冯德伦节目中，为维护刘德华黑脸小鲜肉，结果却遭对方变本加厉","0","银幕 刘德华 冯德伦 黑脸 吴彦祖","刘德华 吴彦祖 小鲜肉 男人 银幕"
"267925","被周星驰“毁容”，吴君如赵薇不如她!片酬暴涨1000倍?","0","赵薇 片酬 星爷 周星驰 吴君如","周星驰 赵薇 电影 莫文蔚 西游"
"267928","迪丽热巴各种奇装异服任何角度，都遮挡不住她的盛世美颜！","0","迪丽热巴 忽然之间 杜海涛 美女","迪丽热巴 穿成 长衫 美女"
"267971","孙俪邓超成最强吸金夫妇，年赚3亿成福布斯冠军夫妻！","0","福布斯 孙俪邓超 孙俪 片酬 邓超","孙俪 邓超 那年花开月正圆 电影 电视剧"
"267976","林俊杰奇葩表白方式：脱鞋卜卦求成功，自我安慰方式满分","0","《原来我不帅》 林俊杰 奇葩 表白 四大天王","林俊杰 表白 90后 单身 成功"
"267978","盘点娱乐身穿粉色外套的女星：李小璐呆萌范冰冰霸气","0","呆萌 李小璐 范冰冰 盘点 外套","李小璐 范冰冰 女生 娱乐 外套"
"267982","张潘靓子最新街拍曝光 漫步冬日暖阳中","0","街拍","街拍 造型"
"267998","吴京等中国导演探班《阿凡达2》片场，终结者、死侍惊喜亮相","0","吴京 《阿凡达2》 死侍 终结者 福斯","吴京 阿凡达 死侍 中国 终结者"
"268000","同是18岁网红，一个整容上瘾月入百万，一个未婚先孕喜当妈","0","未婚先孕 上瘾 粉丝 经济 小网红","经济 高迪 大众 高达 教育"
"268001","看完韩国央视一哥一姐，再看看中国央视一哥一姐，差距不止一点点","0","韩国 姜虎东 sbs 李思思 mbc","韩国 刘在石 董卿 金敏智 中国"
"268002","杨幂签约的女艺人都有一个特点，不知道你发现没有?","0","杨幂 艺人 李溪芮 黄梦莹 迪丽热巴","杨幂 迪丽热巴 亲爱的翻译官 楚乔传 三生三世十里桃花"
"268008","抢杨幂未婚夫和池昌旭谈恋爱，如今低调隐婚","0","百草 隐婚 池昌旭 杨幂 安悦溪","安悦溪 池昌旭 杨幂 幸福 花千骨"
"268031","她把荧屏初吻给了胡歌，他们的爱情不断错过，胡歌脖子都红了!","0","初吻 胡歌 《猎场》 女主 老胡","胡歌 爱情 老胡 影视"
"268034","她没范冰冰漂亮，也没赵丽颖可爱，却在这件事上赢了baby！","0","范冰冰 baby 赵丽颖 关晓彤 闺女","关晓彤 赵丽颖 范冰冰 鹿晗 国际"
"268037","Baby穿吊带低胸装很吸睛 吐舌自拍搞怪又俏皮","0","搞怪 洋娃娃 事业线 baby","Angelababy 长裙 青春"
"268039","身为超模的林志玲姐姐就是不一样，步子迈地都比别人大一倍","0","超模 林志玲 喇叭裤 姐姐","林志玲 超模 围巾 夹克 时尚"
"268041","邓紫棋独自现身酒店 ，一路聊语音见镜头友好打招呼","0","邓紫棋","邓紫棋 视觉中国 上海"
"268155","继成龙周润发之后，李连杰宣布裸捐300亿，网友含泪道歉","0","李连杰 成龙 周润发 好莱坞 基金","李连杰 周润发 功夫 成龙 好莱坞"
"268160","登春晚爆红后却被封杀，妻子离弃四子不孝，摔成重伤晚景凄凉","0","《爱你一万年》 歌曲 情歌 被封杀 春晚","春晚 台湾 梁家辉 蜗居 琼瑶"
"268163","周杰谈为何十几年后才敢发声：都是他们逼的！网友：太扎心","0","《还珠》 周杰 舌吻 艺人 林心如","周杰 林心如 舌吻 法源寺 陈道明"
"268165","工作室晒小鲜肉硬照：真正男子汉！网友：这是对“男子汉”有误解","0","经纪人 王俊凯 真正男子汉 工作室 tfboys","真正男子汉 TFboys 小鲜肉 王俊凯 00后"
"268395","成龙周润发刘德华称他是香港电影的未来，但是你看他都干了些什么","0","香港 谢霆锋 刘德华 成龙 周润发","谢霆锋 张柏芝 周润发 香港电影 刘德华"
"268400","娱乐圈里的尴尬合照，陈冠希和张柏芝这张简直了","0","宋小宝 姚明 陈冠希 张柏芝 娱乐圈","陈冠希 张柏芝 宋小宝 姚明 曾志伟"
"268404","这6位80后男星，个个演技出色，都能撑起一部剧，唯有他还在崛起","0","男星 演技 胡歌 袁弘 雷佳音","袁弘 80后 黄轩 彭于晏 胡歌"
"268408","台湾影史明星最多的片却是黑社会出钱拍的，还有两位黑帮大佬参演","0","明星 台湾 黑社会 朱延平 洪金宝","电影 洪金宝 火烧岛 台湾 明星"
"268409","女明星强行凹时尚真的美吗？佟丽娅这到底是什么的打扮？","0","打扮 时尚 佟丽娅 明星 丫丫","佟丽娅 打扮 女明星 西装 街拍"
"268591","女星都爱穿三角裤出门？杨幂马苏姚晨，一个比一个穿得短！","0","姚晨 三角裤 杨幂 女星 马苏","姚晨 杨幂 时髦 女明星 明星"
"268596","他们相恋25年，身家上亿却租房住，现在儿子帅气，名牌包包堆满屋","0","租房 名牌包包 爱马仕 《金枝玉叶》 娱乐圈","袁咏仪 租房 张智霖 香港 冲上云霄"
"268609","杨幂在片场依旧很美，赵丽颖接地气！","0","谭松韵 大衣 杨幂 赵丽颖 迪丽热巴","杨幂 赵丽颖 迪丽热巴 谭松韵 明星"
"268613","入围金马最佳女主角斩获最佳女配角，这个14岁的女孩不简单！","0","金马 金马奖 台湾 电影 最佳女主角","金马奖 电影 台湾 周冬雨 苏州"
"268668","  周冬雨露美背被爆没穿内衣, 本人没有否认只说了6个字","0","周冬雨 红毯 最佳女主角 许玮甯 礼服","周冬雨 金马奖 马思纯 秦海璐 黄色"
"268692","演艺圈又一对金童玉女公开承认分手 网友：很好，早就该分了！","0","演艺圈 金童玉女 杨紫 文娱 微博","爱情 杨紫 微博 唐艺昕 张若昀"
"268693","奚梦瑶摔倒后半段视频流出，外媒侮辱评价：只为圈钱，她不配登台","0","奚梦瑶 模特 维密 中国模特 维密天使","模特 中国 陈学冬 皆大欢喜 谢娜"
"268695","马思纯大方表白林俊杰，去金马奖是为了听林俊杰的现场","0","金马奖 马思纯 林俊杰 表白 后台","林俊杰 金马奖 马思纯 表白 周冬雨"
"268700","杨幂曾翻看刘恺威手机，刘恺威还为她洗过内衣？","0","刘恺威 杨幂 手机 主持人","刘恺威 杨幂 手机 离婚 七夕"
"268734","历届“超女”冠军今何在，段林希做微商，江映蓉疑整容，就她红了","0","今何在 段林希 江映蓉 安又琪 李宇春","李宇春 张含韵 超级女声 尚雯婕 萌妹子"
"268740","涂们惠英红称帝封后 57岁“老戏骨”双双折桂","0","戏骨 惠英红 金马奖 普拉斯 影帝","金马奖 黄信 张艾嘉 田壮壮 金像奖"
"268744","刘涛完美贤妻形象崩塌，连吐漱口水都让人接","0","刘涛 贤妻 完美 王珂 《外来媳妇本地郎》","刘涛 漱口 琅琊榜 亲爱的客栈 欢乐颂"
"268745","这两位童星一位被骂丑骂到大，一位被骂太憨，如今网友被实力打脸","0","谢孟伟 王莎莎 英子 小贝 长大成人","谢孟伟 小兵张嘎 向着胜利前进 吴奇隆 长大"
"268746","丫蛋离婚后亮相 和企业高层跳二人转笑容甜美","0","丫蛋 离婚","二人转"
"268807","SHE十五年：烧伤的经婚变，假小子变真辣妈，最不被看好的成女神","0","田馥甄 假小子 婚变 女神 陈嘉桦","Hebe Ella SHE 田馥甄 女神"
"268811","谁说娱乐圈里的姐弟恋并没想象中美好？他们都甜蜜得一塌糊涂","0","娱乐圈 姐弟恋 秦昊 钟丽缇 贾静雯","钟丽缇 修杰楷 伊能静 婚姻 结婚"
"268813","佟丽娅最新写真曝光尽显硬朗酷帅气质","0","短发 大片 菲林 佟丽娅 百变","佟丽娅 造型 琅琊榜 电视剧 时尚"
"268841","李湘现身花市一身名牌吸睛十足，大牌围巾却裹出了乡村气质","0","明星 艺人 郭晶晶 李湘 走秀","李湘 围巾 明星 西装 打扮"
"268870","奚梦瑶与富二代现身澳门引热议，网友：钓金龟婿比走秀重要多了","0","奚梦瑶 走秀 模特 何猷君 维密秀","何猷君 富二代 澳门 麻省理工 模特"
"268873","小美好女主背景太普通却能演新版杉菜？也不看看背后是谁在捧她！","0","女主 杉菜 沈月 陈国富 小希","陈国富 柴智屏 一起来看流星雨 寻龙诀 言承旭"
"268877","儿子因强奸坐牢十年，李双江和小27岁妻子近照竟成这样","0","强奸 妻子 十年 李天一 李双江","李天一 十年 钢琴 成龙 社会"
"268881","她自曝被潜规则达百次之多，就连换件衣服的时间都不放过！","0","出道 韩国女星 张紫妍 乐高 瘦身","张紫妍 乐高 饼干 爆料 韩国"
"268912","赵丽颖好姐妹，因真人秀走红，出道仅三年屡获奖，追梦少女终成功","0","好声音 赵丽颖 真人秀 出道 张碧晨","张碧晨 赵丽颖 真人秀 中国好声音 那英"
"268914","男人最不敢娶看见就想跑的五位女星，你最不敢娶谁？我选第一位！","0","艳照门 女星 春哥 李宇春 吴莫愁","吴莫愁 男人 女人 春哥 李宇春"
"268939","54岁主持人程前近况曝光 结束与董卿情感纠葛娶小20岁娇妻","0","董卿 娇妻 程前 情感 主持人","董卿 倪萍 正大综艺 北京 春晚"
"268954","她被称为鹿晗的妹妹，连邓超都在微博上叫她女儿","0","微博 鹿晗 邓超 金马奖 心理罪","邓超 金马奖 微博 电影 心理罪"
"268959","古装剧十位女星闻花，娜扎最假，张天爱表情陶醉，第一国色天香","0","张天爱 女星 娜扎 国色天香 王艳","张天爱 娜扎 王艳 赵丽颖 林依晨"
"268960","她是孙俪妹妹蓝盈莹，引领时尚穿搭，演绎随心随意的酷","0","孙俪 甄嬛 衬衫 时尚 蓝盈莹","孙俪 时尚 穿搭 妹妹 甄嬛传"
"268962","因为太过于兴奋而“炸毛”的爱豆们，最后一位赢得毫无压力！","0","爱豆 权志龙 段宜恩 吃拉面 凹造型","段宜恩 权志龙 时时刻刻 造型"
"268963","不是艺人却还有自己的粉丝，这些幕后人员大概是要出道了！","0","刘在石 艺人 出道 粉丝 vj","刘在石 金钟国 综艺 Running Man 无限挑战"
"268971","阿娇再被甩！真的是陈冠希毁了他吗？阿娇：每个人都在意我的过去","0","王阳明 男友 台湾 张柏芝 陈冠希","陈冠希 饭局的诱惑 爱情 爆料 台湾"
"268979","整形失败的张檬取出假体后首次现身，网友：美到让人窒息！","0","吊带裙 王语嫣 红脸 整形 张檬","夏家三千金 马天宇 古剑奇谭 蕾丝 微博"
"268984","搭档李幼斌成名，与爱妻携手25年无绯闻，女儿貌美如花无人追？","0","李幼斌 爱妻 如花 搭档 何政军","爱妻 王振 国歌 法律 电视剧"
"268986","她从运动员转行做演员，却成为春晚专业户，45岁美艳如少女！","0","牛莉 演员 射击 花样游泳 春晚","牛莉 春晚 电视剧 采青 杀青"
"268988","网友最希望参加综艺的十大明星，胡歌第二，周星驰第四","0","综艺 胡歌 周星驰 大明星 明星","明星 胡歌 综艺 周星驰 彭于晏"
"268989","盘点娱乐圈扬言拿刀砍人的8大嚣张明星","0","张明 李小冉 盘点 娱乐圈 张纪中","黄贯中 张纪中 明星 微博 窦唯"
"269006","前浙江卫视一姐，因一事被湖南卫视封杀，今二婚嫁人，老公是他！","0","卫视 二婚 浙江卫视 朱丹 伊一","朱丹 浙江卫视 湖南卫视 华少 伊一"
"269023","他拍戏差点死于马下，为赵丽颖做配角，其貌不扬却娶大美女！","0","赵丽颖 大美女 反派 话剧 《雨花台》","赵丽颖 雨花台 日本 陈伟霆 蜀山战纪"
"269026","薛之谦为了名气消费了这么多人，难怪他一直无法洗白！","0","tfboys 粉丝 追星 微博 薛之谦","薛之谦 李雨桐 微博 BOY 高磊鑫"
"269033","赵丽颖行程表遭黑粉恶意修改，从敬业演员成为不务正业","0","明星 艺人 赵丽颖 演员 粉丝","赵丽颖 明星 医院"
"269036","暴打甄子丹李连杰喊冤叫屈，今传重病打不动，几张功夫照打脸众人","0","甄子丹 李连杰 功夫 邹兆龙 反派","甄子丹 邹兆龙 李连杰 功夫 洪金宝"
"269177","同是11岁黄多多翻译配音，海青儿子学霸各艺精通，但李嫣最令人服","0","配音 青儿 李嫣 李亚鹏 王菲","李亚鹏 王菲 黄磊 慈善 麦兜"
"269233","取代周杰伦，黄子韬微博改名要做嘻哈之王？这次真的有点狂！","0","微博 黄子韬 周杰伦 嘻哈 exo","黄子韬 周杰伦 微博 张艺兴 鹿晗"
"269238","唐嫣获罗晋用余光送“秋波” 两人默契互动甜蜜非常","0","唐嫣 罗晋 撒狗粮","罗晋 唐嫣 撒狗粮 恋爱 北京"
"269244","巅峰时期的张柏芝和刘亦菲，盛世佳人各有千秋","0","刘亦菲 张柏芝 女演员 北京电影学院 利亚","刘亦菲 张柏芝 麻花辫 造型 北京电影学院"
"269246","李湘保镖成群被服侍成皇后娘娘，郭晶晶的一个细节让李湘感到羞愧","0","皇后 郭晶晶 娘娘 霍启刚 李湘","李湘 保镖 王岳伦 旺夫 幸福"
"269261","这电影有4个影帝俩影后，还有3大名导客串!因拍的太真实差点被禁","0","蓝盈莹 电影 影帝 琴琴 章子怡","电影 章子怡 郭富城 濮存昕 王宝强"
"269303","白百何都是孩子妈了也要卖萌 把爆款都穿在身上竟然很时髦","0","时髦 大衣 牛仔阔腿裤 军绿色 白百何","白百何 时髦 牛仔阔腿裤 90后 杭州"
"269308","一辈子没有孩子的明星夫妻，第一位怕疾病会遗传，第三位胎死腹中","0","明星 刘青云 张国立 贺聪 郭蔼明","刘青云 贺聪 冯小刚 葛优 周润发"
"269312","TVB众女星台庆晚会，众星争艳，你最喜欢谁？","0","陈敏之 女星 众星 tvb 沈卓盈","TVB 陈凯 裙子 长裙 高跟鞋"
"269331","佟丽娅夫妇“离婚风波”后首同框 陈思诚笑开花","0","出品人 离婚 陈思诚 佟丽娅 中国电影","佟丽娅 离婚 刘昊然 中国电影 黄晓明"
"269344","他是被央视开除的第一人，与董卿有6年感情纠葛，现娶小20岁娇","0","董卿 程前 袁鸣 情史 罗振宇","董卿 心酸 新闻联播 侥幸心理 重庆"
"269346","惠英红不愧是影后，别人不敢演的她来演，别人不敢穿的她也敢穿","0","惠英红 影后 腕表 袖口 长裙","长裙 水袖 金马奖 西装 红色"
"269350","获国际影帝却没钱买房痛哭，他如今成戏痴，演老板让人恨得牙痒","0","成泰燊 影帝 于成龙 张雨绮 国际","于成龙 张雨绮 国际 电影 毒战"
"269351","她抢走林心如角色，和小10岁男友谈恋爱","0","林心如 男友 海陆 角色 于小彤","林心如 还珠格格 撒狗粮 秀恩爱 表白"
"269354","网传房祖名花50万为妹妹小龙女庆生，网友:成龙怎么想?","0","小龙女 成龙 出柜 房祖名 吴卓林","吴卓林 小龙女 成龙 吴绮莉 妈妈"
"269427","王宝强再被抛弃? 熊乃瑾公开回应:怀不怀孕他也不是我的菜!","0","怀孕 王宝强 熊乃瑾 胡海泉 红毯","熊乃瑾 王宝强 结婚 怀孕 重庆"
"269445","她是经典老歌《九妹》MV的女主，为减肥3年不吃主食，结果吓人","0","《九妹》 女主 谢娜 经典老歌 减肥","减肥 谢娜 快乐大本营 黄鹤翔 张杰"
"269450","蔡依林金马奖车祸现场还被谭维维秒杀？曾志伟的表情早就说明一切","0","金马奖 蔡依林 谭维维 曾志伟 往事随风","金马奖 蔡依林 谭维维 曾志伟 马思纯"
"269462","吴昕宣布解约湖南卫视？跟着大本营10年了解约原因让人心酸","0","大本营 谢娜 芒果台 卫视 吴昕","吴昕 湖南卫视 谢娜 快乐大本营 芒果"
"269470","中国娱乐圈十大未解之谜 这件事卓伟不说网友就不会知道！","0","吴君如 娱乐圈 卓伟 女星 梁朝伟","黄家驹 梁朝伟 白百何 陈坤 邓丽君"
"269484","与梅艳芳相恋一年，与成龙齐名，对战甄子丹！现娶娇妻生活潇洒","0","娇妻 赵文卓 甄子丹 梅艳芳 成龙","甄子丹 梅艳芳 成龙 李连杰 巨星"
"269489","黄晓明四位“前女友”，这一位连baby都不敢过多谈论","0","baby 黄晓明 杨颖 李菲儿 前女友","黄晓明 李菲儿 秦岚 沙溢 还珠格格"
"269499","娱乐圈最讲义气的“大哥”，因一首歌成名，去世家人却无钱办葬礼","0","娱乐圈 《大哥》 义气 大哥 柯受良","张学友 洪金宝 黄河 电影 刘德华"
"269538","分手了还和前任是好友的5大男星，王思聪第五，郑恺第四，第一服","0","胡歌 李亚鹏 郑恺 王思聪 男星","王思聪 郑恺 李亚鹏 前任 陈乔恩"
"269558","李思思尼格买提再次主持春晚，朱军或有“退休”的打算？","0","尼格买提 春晚 朱军 李思思 主持","春晚 董卿 中国 春节 中韩歌会"
"269559","比刘涛还惨，她老公破产还被判入狱15年，复出为其还债","0","刘涛 安雯 晴雯 娱乐圈 王珂","苏越 刘涛 入狱 音乐 投资"
"269568","戏里戏外都是大哥，剧中周润发是他小弟，刘德华视他为偶像","0","刘德华 大哥 戏里戏外 周润发 偶像","周润发 刘德华 王家卫 巨星 郑少秋"
"269590","65岁与妻子离婚 71岁仍单身，获得影帝又有什么用","0","王学圻 影帝 离婚 李雪健 话剧","离婚 范冰冰 陈凯歌 十月围城 单身"
"269606","军中霸王花曾因外形被嫌弃，如今41岁的她越活越美","0","上戏 程愫 霸王花 傅程鹏 《与狼共舞》","与狼共舞 孙红雷 电视剧 女子特种兵 上海戏剧学院"
"269621","挣粉丝的钱？郑爽爸疑在朋友圈卖面膜，还用女儿小名做品牌","0","朋友圈 小爽 郑爽 粉丝 面膜","郑爽 朋友圈 一起来看流星雨 爆料 演员的诞生"
"269638","萧亚轩领衔情史丰富阅男无数的10大女星","0","李彩桦 萧亚轩 女星 情史 男友","萧亚轩 男人 邓文迪 徐静蕾 张曼玉"
"269642","娱乐圈8位最美混血儿女星，这样子的第一名你们认同吗？","0","娱乐圈 混血儿 女星 戚薇 昆凌","昆凌 李小璐 郭碧婷 钟丽缇 张柏芝"
"269644","爱豆背后不为人知的辛酸，连现在大火的她都差点得抑郁症？","0","抑郁症 爱豆 金圣圭 泰妍 宝儿","抑郁症 IU 韩国 权志龙 心理疾病"
"269715","SM公司女组合的四大美女，每一个都美得让人窒息","0","sm 大美女 林允儿 崔雪莉 郑秀晶","林允儿 崔雪莉 郑秀晶 韩国 青春"
"269720","39岁李玉刚近照，台上台下像两个人，生活中很爷们，女儿真美！","0","《星光大道》 观众 维塔斯 台上台下 李玉刚","李玉 星光大道 女人 明星 北漂"
"269723","谭维维近照，大花臂实力抢镜，霸气十足，网友：变得不敢认！","0","谭维维 女歌手 大衣 女人味 出道","谭维维 女明星"
"269724","她曾同袁咏仪获香港小姐，搭档罗志祥出演祝英台，现48岁无人识","0","祝英台 香港小姐 袁咏仪 罗志祥 梁小冰","梁小冰 袁咏仪 罗志祥 香港 选举"
"269730","曾饰演中年版黄蓉，24岁结婚恩爱40年却无子，今因病去世","0","欧阳 郭峰 翁美玲 黄蓉 结婚","结婚 吕不韦 苗侨伟 郭靖 寻秦记"
"269800","演《征服》走红，刘华强最信任的小弟，如今生活成谜","0","刘华 《征服》 大鹏 孙红雷 《一代枭雄》","孙红雷 电视剧 智取威虎山 影子 婚姻"
"269810","陈紫函马尾葫芦辫俏皮又张扬 牛仔衣秀小蛮腰 网友：肚脐钉好闪","0","陈紫函 葫芦 张扬 马尾 小蛮","张扬 马尾 蒋勤勤 辫子 御姐"
"269833","梁家辉早年被台湾封杀，周润发说：“这是我小弟，让他解封”","0","台湾 周润发 梁家辉 影帝 演员","梁家辉 周润发 台湾 徐克 张曼玉"
"269844","把赵丽颖热巴的花钿放男星脸上，杨洋李易峰俊美，唯独他辣眼睛","0","李易峰 热巴 男星 杨洋 赵丽颖","造型 杨洋 李易峰 赵丽颖 男神"
"269845","刘嘉玲穿回52岁现身机场无人识，网友:这才是最真实的刘嘉玲","0","刘嘉玲 密探 我们来了 明星 大腕","明星 周星驰 女神 美女"
"269846","中国正能量的几个人明星，刘德华，赵本山上榜，第一位让人尊敬！","0","刘德华 正能量 明星 赵本山 演员","赵本山 明星 正能量 二人转 刘德华"
"269853","她19岁出道 靠董洁成名 嫁小7岁的老公，今41岁生两胎仍似少女","0","董洁 出道 小凡 车仁表 天若有情","董洁 情人 电视剧 少女 幸福"
"269857","章子怡的伯乐张艺谋就曾一语道破章子怡选择汪峰的原因","0","我的父亲母亲 求婚 章子怡 汪峰 张艺谋","章子怡 汪峰 张艺谋 皮裤 高富帅"
